TURNO,NOME_TURNO,LINEA,PARTENZA,ARRIVO,DA
Ba3510,TURNO 351 DI BARGE SETTIMANA,280,04:45,05:15,BARGE-Viale Mazzini/Cavallotta - OSASCO - Ponte Chisone
Ba3510,TURNO 351 DI BARGE SETTIMANA,275,05:15,05:27,OSASCO - Ponte Chisone - Villar Perosa Stabilimento SKF
Ba3510,TURNO 351 DI BARGE SETTIMANA,284,06:00,06:15,Pinerolo Bivio Sede SAPAV - AIRASCA - stabilimento SKF
Ba3510,TURNO 351 DI BARGE SETTIMANA,280,06:30,07:22,AIRASCA - stabilimento SKF - BARGE-Viale Mazzini/Cavallotta
Ba3510,TURNO 351 DI BARGE SETTIMANA,280,21:00,22:00,BARGE-Viale Mazzini/Cavallotta - AIRASCA - stabilimento SKF
Ba3510,TURNO 351 DI BARGE SETTIMANA,280,22:30,23:22,AIRASCA - stabilimento SKF - BARGE-Viale Mazzini/Cavallotta
Ba3520,TURNO 352 DI BARGE,280,07:10,08:10,BARGE-Viale Mazzini/Cavallotta - AIRASCA - stabilimento SKF
Ba3520,TURNO 352 DI BARGE,280,08:15,09:00,AIRASCA - stabilimento SKF - BARGE-Viale Mazzini/Cavallotta
Ba3520,TURNO 352 DI BARGE,280,12:45,13:55,BARGE-Viale Mazzini/Cavallotta - AIRASCA - stabilimento SKF
Ba3520,TURNO 352 DI BARGE,280,14:30,15:29,AIRASCA - stabilimento SKF - BARGE-Viale Mazzini/Cavallotta
Ba3520,TURNO 352 DI BARGE,275,16:20,16:40,PINEROLO - Piazza Cavour - VILLAR PEROSA - via Nazionale
Ba3520,TURNO 352 DI BARGE,275,17:00,17:14,Villar Perosa Stabilimento SKF - OSASCO - Ponte Chisone
Ba3520,TURNO 352 DI BARGE,280,17:14,17:48,OSASCO - Ponte Chisone - BARGE-Viale Mazzini/Cavallotta
Ba3530,TURNO 353 DI BARGE,280,04:50,05:55,BARGE-Viale Mazzini/Cavallotta - AIRASCA - stabilimento SKF
Ba3530,TURNO 353 DI BARGE,278,06:25,07:00,CERCENASCO - v. Reg.Margherita - PINEROLO - Piazza Cavour
Ba3530,TURNO 353 DI BARGE,283,07:15,07:45,PINEROLO - Piazza Cavour - CANTALUPA
Ba3530,TURNO 353 DI BARGE,283,07:50,08:09,CANTALUPA - PINEROLO - Piazza Cavour
Ba3530,TURNO 353 DI BARGE,282,08:10,08:40,PINEROLO - Piazza Cavour - PEROSA ARG.-Pzza Terzo Alpini
Ba3530,TURNO 353 DI BARGE,275,09:40,10:12,PEROSA ARG.-Pzza Terzo Alpini - PINEROLO - movicentro
Ba3530,TURNO 353 DI BARGE,275,13:10,13:35,Pinerolo Bivio Sede SAPAV - Villar Perosa Stabilimento SKF
Ba3530,TURNO 353 DI BARGE,275,14:15,14:26,Villar Perosa Stabilimento SKF - OSASCO - Ponte Chisone
Ba3530,TURNO 353 DI BARGE,280,14:26,14:56,OSASCO - Ponte Chisone - BARGE-Viale Mazzini/Cavallotta
Ba3560,TURNO 356 DI BARGE,280,06:40,07:10,BARGE-Viale Mazzini/Cavallotta - OSASCO - Ponte Chisone
Ba3560,TURNO 356 DI BARGE,275,07:10,07:24,OSASCO - Ponte Chisone - Villar Perosa Stabilimento SKF
Ba3560,TURNO 356 DI BARGE,275,07:40,08:10,PEROSA ARG.-Pzza Terzo Alpini - PINEROLO Centro Studi
Ba3560,TURNO 356 DI BARGE,280,08:45,09:15,PINEROLO - Fronte Stazione FS - BARGE-Viale Mazzini/Cavallotta
Ba3560,TURNO 356 DI BARGE,901,13:50,14:25,PINEROLO - movicentro - TORRE PELLICE
Ba3560,TURNO 356 DI BARGE,901,15:05,15:40,TORRE PELLICE - PINEROLO - movicentro
Ba3560,TURNO 356 DI BARGE,280,17:30,18:30,AIRASCA - stabilimento SKF - BARGE-Viale Mazzini/Cavallotta
Bo3010,TURNO 301 DI Bobbio,284,04:05,04:46,BOBBIO PELLICE - PINEROLO - stazione FS
Bo3010,TURNO 301 DI Bobbio,284,04:48,05:32,PINEROLO - stazione FS - TO - Mirafiori c.so Tazzoli
Bo3010,TURNO 301 DI Bobbio,284,06:10,07:00,TO - Mirafiori c.so Tazzoli - PINEROLO - Fronte Stazione FS
Bo3010,TURNO 301 DI Bobbio,284,07:02,07:35,PINEROLO - Fronte Stazione FS - BOBBIO PELLICE
Bo3010,TURNO 301 DI Bobbio,284,12:05,12:49,BOBBIO PELLICE - PINEROLO - stazione FS
Bo3010,TURNO 301 DI Bobbio,284,12:51,13:38,PINEROLO - stazione FS - TO - Mirafiori c.so Tazzoli
Bo3010,TURNO 301 DI Bobbio,284,14:15,15:11,TO - Mirafiori c.so Tazzoli - PINEROLO - Fronte Stazione FS
Bo3010,TURNO 301 DI Bobbio,284,15:13,15:49,PINEROLO - Fronte Stazione FS - BOBBIO PELLICE
Bo3020,TURNO 302 DI BOBBIO,901,16:35,17:10,TORRE PELLICE - PINEROLO - movicentro
Bo3020,TURNO 302 DI BOBBIO,283,17:35,17:55,PINEROLO - Piazza Cavour - CANTALUPA
Bo3020,TURNO 302 DI BOBBIO,283,17:55,18:25,CANTALUPA - PINEROLO - Piazza Cavour
Bo3020,TURNO 302 DI BOBBIO,284,20:05,20:48,BOBBIO PELLICE - PINEROLO - stazione FS
Bo3020,TURNO 302 DI BOBBIO,284,20:50,21:40,PINEROLO - stazione FS - TO - Mirafiori c.so Tazzoli
Bo3020,TURNO 302 DI BOBBIO,284,22:15,23:05,TO - Mirafiori c.so Tazzoli - PINEROLO - Fronte Stazione FS
Bo3020,TURNO 302 DI BOBBIO,284,23:07,23:40,PINEROLO - Fronte Stazione FS - BOBBIO PELLICE
Bo3030,TURNO 303 DI BOBBIO,279,05:40,06:00,BOBBIO PELLICE - TORRE PELLICE
Bo3030,TURNO 303 DI BOBBIO,279,06:35,06:53,TORRE PELLICE - BOBBIO PELLICE
Bo3030,TURNO 303 DI BOBBIO,279,07:00,07:51,BOBBIO PELLICE - Pinerolo Centro Studi (C.Torino/Rochis)
Bo3030,TURNO 303 DI BOBBIO,284,08:15,08:46,PINEROLO - Fronte Stazione FS - TORRE PELLICE
Bo3030,TURNO 303 DI BOBBIO,279,08:46,09:00,TORRE PELLICE - BOBBIO PELLICE
Bo3030,TURNO 303 DI BOBBIO,279,13:15,13:30,BOBBIO PELLICE - TORRE PELLICE
Bo3030,TURNO 303 DI BOBBIO,901,14:10,14:45,TORRE PELLICE - PINEROLO - movicentro
Bo3030,TURNO 303 DI BOBBIO,901,14:50,15:25,PINEROLO - movicentro - TORRE PELLICE
Bo3030,TURNO 303 DI BOBBIO,901,15:35,16:10,TORRE PELLICE - PINEROLO - movicentro
Bo3030,TURNO 303 DI BOBBIO,279,16:25,16:42,TORRE PELLICE - BOBBIO PELLICE
Bo3030,TURNO 303 DI BOBBIO,279,16:47,17:04,BOBBIO PELLICE - TORRE PELLICE
Bo3030,TURNO 303 DI BOBBIO,279,17:05,17:21,TORRE PELLICE - BOBBIO PELLICE
Ca0020,CASELLE-TORINO-CASELLE,268,14:00,14:45,CASELLE Aeroporto - TO - piazza Carlo Felice
Ca0020,CASELLE-TORINO-CASELLE,268,15:00,15:37,TO - piazza Carlo Felice - CASELLE Aeroporto
Ca0020,CASELLE-TORINO-CASELLE,268,16:00,16:45,CASELLE Aeroporto - TO - piazza Carlo Felice
Ca0020,CASELLE-TORINO-CASELLE,268,17:00,17:37,TO - piazza Carlo Felice - CASELLE Aeroporto
Ca0020,CASELLE-TORINO-CASELLE,268,18:00,18:45,CASELLE Aeroporto - TO - piazza Carlo Felice
Ca0020,CASELLE-TORINO-CASELLE,268,19:00,19:45,TO - piazza Carlo Felice - CASELLE Aeroporto
Ca0030,CASELLE-TORINO-CASELLE,268,06:45,07:30,CASELLE Aeroporto - TO - piazza Carlo Felice
Ca0030,CASELLE-TORINO-CASELLE,268,07:45,08:30,TO - piazza Carlo Felice - CASELLE Aeroporto
Ca0030,CASELLE-TORINO-CASELLE,268,08:45,09:24,CASELLE Aeroporto - TO - piazza Carlo Felice
Ca0030,CASELLE-TORINO-CASELLE,268,11:45,12:30,TO - piazza Carlo Felice - CASELLE Aeroporto
Ca0030,CASELLE-TORINO-CASELLE,268,12:45,13:24,CASELLE Aeroporto - TO - piazza Carlo Felice
Ca0030,CASELLE-TORINO-CASELLE,268,13:45,14:30,TO - piazza Carlo Felice - CASELLE Aeroporto
Ca0040,CASELLE-TORINO-CASELLE,268,14:45,15:24,CASELLE Aeroporto - TO - piazza Carlo Felice
Ca0040,CASELLE-TORINO-CASELLE,268,15:45,16:30,TO - piazza Carlo Felice - CASELLE Aeroporto
Ca0040,CASELLE-TORINO-CASELLE,268,16:45,17:24,CASELLE Aeroporto - TO - piazza Carlo Felice
Ca0040,CASELLE-TORINO-CASELLE,268,17:45,18:30,TO - piazza Carlo Felice - CASELLE Aeroporto
Ca0040,CASELLE-TORINO-CASELLE,268,19:00,19:45,CASELLE Aeroporto - TO - piazza Carlo Felice
Ca0040,CASELLE-TORINO-CASELLE,268,20:00,20:37,TO - piazza Carlo Felice - CASELLE Aeroporto
Ca0060,CASELLE-TORINO-CASELLE,268,07:05,07:50,CASELLE Aeroporto - TO - piazza Carlo Felice
Ca0060,CASELLE-TORINO-CASELLE,268,08:15,09:00,TO - piazza Carlo Felice - CASELLE Aeroporto
Ca0060,CASELLE-TORINO-CASELLE,268,09:15,09:54,CASELLE Aeroporto - TO - piazza Carlo Felice
Ca0060,CASELLE-TORINO-CASELLE,268,10:15,11:00,TO - piazza Carlo Felice - CASELLE Aeroporto
Ca0060,CASELLE-TORINO-CASELLE,268,11:15,11:54,CASELLE Aeroporto - TO - piazza Carlo Felice
Ca0060,CASELLE-TORINO-CASELLE,268,14:15,15:00,TO - piazza Carlo Felice - CASELLE Aeroporto
Ca0070,CASELLE-TORINO-CASELLE,268,17:15,17:54,CASELLE Aeroporto - TO - piazza Carlo Felice
Ca0070,CASELLE-TORINO-CASELLE,268,18:15,19:00,TO - piazza Carlo Felice - CASELLE Aeroporto
Ca0070,CASELLE-TORINO-CASELLE,268,19:20,19:59,CASELLE Aeroporto - TO - piazza Carlo Felice
Ca0070,CASELLE-TORINO-CASELLE,268,20:30,21:15,TO - piazza Carlo Felice - CASELLE Aeroporto
Ca0070,CASELLE-TORINO-CASELLE,268,22:30,23:15,CASELLE Aeroporto - TO - piazza Carlo Felice
Ca0070,CASELLE-TORINO-CASELLE,268,23:30,00:15,TO - piazza Carlo Felice - CASELLE Aeroporto
Ca0080,CASELLE-TORINO-CASELLE,268,07:38,08:20,CASELLE T.SE- str.Aeroporto 23 - TO - piazza Carlo Felice
Ca0080,CASELLE-TORINO-CASELLE,268,08:45,09:30,TO - piazza Carlo Felice - CASELLE Aeroporto
Ca0080,CASELLE-TORINO-CASELLE,268,09:45,10:24,CASELLE Aeroporto - TO - piazza Carlo Felice
Ca0080,CASELLE-TORINO-CASELLE,268,10:45,11:30,TO - piazza Carlo Felice - CASELLE Aeroporto
Ca0080,CASELLE-TORINO-CASELLE,268,11:45,12:24,CASELLE Aeroporto - TO - piazza Carlo Felice
Ca0080,CASELLE-TORINO-CASELLE,268,12:45,13:30,TO - piazza Carlo Felice - CASELLE Aeroporto
Ca0090,CASELLE-TORINO-CASELLE,268,15:15,15:54,CASELLE Aeroporto - TO - piazza Carlo Felice
Ca0090,CASELLE-TORINO-CASELLE,268,16:30,17:07,TO - piazza Carlo Felice - CASELLE Aeroporto
Ca0090,CASELLE-TORINO-CASELLE,268,18:45,19:24,CASELLE Aeroporto - TO - piazza Carlo Felice
Ca0090,CASELLE-TORINO-CASELLE,268,19:40,20:25,TO - piazza Carlo Felice - CASELLE Aeroporto
Ca0090,CASELLE-TORINO-CASELLE,268,21:00,21:39,CASELLE Aeroporto - TO - piazza Carlo Felice
Ca0090,CASELLE-TORINO-CASELLE,268,22:00,22:37,TO - piazza Carlo Felice - CASELLE Aeroporto
FT2710,TORINO-CASELLE-TORINO,268,14:45,15:30,TO - piazza Carlo Felice - CASELLE Aeroporto
FT2710,TORINO-CASELLE-TORINO,268,15:45,16:24,CASELLE Aeroporto - TO - piazza Carlo Felice
Iv0010,CAREMA-TORINO,904,04:40,05:35,IVREA - Stazione FS est - CHIVASSO - Staz. FS Movicentro
Iv0010,CAREMA-TORINO,904,05:40,06:34,CHIVASSO - Staz. FS Movicentro - IVREA - Stazione FS int
Iv0010,CAREMA-TORINO,2,06:45,08:00,IVREA - Stazione FS int - STRAMBINO - c.so Torino
Iv0020,IVREA-TORINO,265,04:05,04:49,IVREA - Porta Vercelli - CHIVASSO - p.le Alfa-Lancia
Iv0020,IVREA-TORINO,265,04:51,05:35,CHIVASSO - p.le Alfa-Lancia - TO-Settembrini-Mirafiori FCA
Iv0020,IVREA-TORINO,265,06:10,06:59,TO-p.za Cattaneo-Mirafiori FCA - CHIVASSO - p.le Alfa-Lancia
Iv0020,IVREA-TORINO,265,07:01,07:52,CHIVASSO - p.le Alfa-Lancia - IVREA - Porta Aosta
Iv0020,IVREA-TORINO,265,09:30,10:30,IVREA - Stazione FS est - CHIVASSO - Staz. FS Movicentro
Iv0020,IVREA-TORINO,265,10:45,11:45,CHIVASSO - Staz. FS Movicentro - IVREA - Stazione FS int
Iv0030,IVREA-TORINO,265,12:00,12:44,IVREA - Porta Vercelli - CHIVASSO - p.le Alfa-Lancia
Iv0030,IVREA-TORINO,265,12:46,13:34,CHIVASSO - p.le Alfa-Lancia - TO-Settembrini-Mirafiori FCA
Iv0030,IVREA-TORINO,265,14:10,15:04,TO-p.za Cattaneo-Mirafiori FCA - CHIVASSO - p.le Alfa-Lancia
Iv0030,IVREA-TORINO,265,15:06,15:55,CHIVASSO - p.le Alfa-Lancia - IVREA - Porta Aosta
Iv0030,IVREA-TORINO,265,17:20,18:18,IVREA - Porta Vercelli - CHIVASSO - Staz. FS Movicentro
Iv0030,IVREA-TORINO,2,19:00,20:18,STRAMBINO - c.so Torino 45 - IVREA - Stazione FS est
Iv0040,Farmitalia/IVREA-AOSTA,265,14:43,15:37,CHIVASSO - Staz. FS Movicentro - IVREA - Porta Vercelli
Iv0040,Farmitalia/IVREA-AOSTA,265,16:39,16:59,IVREA - Porta Vercelli - STRAMBINO - c.so Torino
Iv0040,Farmitalia/IVREA-AOSTA,265,17:01,17:56,STRAMBINO - c.so Torino 45 - TORINO - Autostazione c.so Bolzano
Iv0040,Farmitalia/IVREA-AOSTA,265,18:06,19:07,TORINO - Autostazione c.so Bolzano - IVREA - loc Banchette
Iv0040,Farmitalia/IVREA-AOSTA,265,19:09,19:14,IVREA - loc Banchette - IVREA - Porta Vercelli
Iv0040,Farmitalia/IVREA-AOSTA,265,20:15,20:54,IVREA - Porta Vercelli - CHIVASSO - p.le Alfa-Lancia
Iv0040,Farmitalia/IVREA-AOSTA,265,20:56,21:45,CHIVASSO - p.le Alfa-Lancia - TO-Settembrini-Mirafiori FCA
Iv0040,Farmitalia/IVREA-AOSTA,265,22:10,22:59,TO-p.za Cattaneo-Mirafiori FCA - CHIVASSO - p.le Alfa-Lancia
Iv0040,Farmitalia/IVREA-AOSTA,265,23:01,23:44,CHIVASSO - p.le Alfa-Lancia - IVREA - Porta Aosta
Lu0010,TURNO 10 DI LUSERNA S.G.,901,07:35,08:10,TORRE PELLICE - PINEROLO - movicentro
Lu0010,TURNO 10 DI LUSERNA S.G.,284,08:15,08:40,PINEROLO - Piazza Cavour - TORRE PELLICE
Lu0010,TURNO 10 DI LUSERNA S.G.,901,13:35,14:10,TORRE PELLICE - PINEROLO - movicentro
Lu0010,TURNO 10 DI LUSERNA S.G.,277,14:30,15:48,AIRASCA - stabilimento SKF - TO - Via Napione - Corso Regina Margheri
Lu0010,TURNO 10 DI LUSERNA S.G.,119,15:48,16:10,TO - Via Napione - Corso Regina Margheri - TO - Corso Vercelli
Lu0010,TURNO 10 DI LUSERNA S.G.,282,16:33,17:44,TORINO - Autostazione c.so Bolzano - PINEROLO - movicentro
Lu0010,TURNO 10 DI LUSERNA S.G.,901,17:50,18:25,PINEROLO - movicentro - TORRE PELLICE
Lu0020,TURNO 20 DI LUSERNA S.G.,284,04:55,05:15,TORRE PELLICE - Bivio Bima
Lu0020,TURNO 20 DI LUSERNA S.G.,275,05:15,05:35,Bivio Bima - Villar Perosa - Stabilimento TEKFOR A
Lu0020,TURNO 20 DI LUSERNA S.G.,275,06:05,06:34,Villar Perosa Stabilimento SKF - Pinerolo Bivio Sede SAPAV
Lu0020,TURNO 20 DI LUSERNA S.G.,284,07:05,07:30,PINEROLO - stazione FS - Luserna Bivio Pralafera
Lu0020,TURNO 20 DI LUSERNA S.G.,279,08:05,08:19,TORRE PELLICE - BOBBIO PELLICE
Lu0020,TURNO 20 DI LUSERNA S.G.,279,12:30,12:50,TORRE PELLICE - BOBBIO PELLICE
Lu0020,TURNO 20 DI LUSERNA S.G.,284,13:05,13:25,TORRE PELLICE - Bivio Bima
Lu0020,TURNO 20 DI LUSERNA S.G.,275,13:25,13:45,Bivio Bima - Villar Perosa Stabilimento SKF
Lu0020,TURNO 20 DI LUSERNA S.G.,275,14:15,14:35,Villar Perosa Stabilimento SKF - SAN SECONDO bivio BIMA
Lu0020,TURNO 20 DI LUSERNA S.G.,284,14:35,14:54,SAN SECONDO bivio BIMA - TORRE PELLICE
Lu0030,TURNO 30 DI LUSERNA S.G.,284,05:10,05:55,SEGGIOVIA VANDALINO - AIRASCA - stabilimento SKF
Lu0030,TURNO 30 DI LUSERNA S.G.,284,06:30,07:09,AIRASCA - stabilimento SKF - SEGGIOVIA VANDALINO
Lu0030,TURNO 30 DI LUSERNA S.G.,279,07:40,08:00,BOBBIO PELLICE - TORRE PELLICE
Lu0030,TURNO 30 DI LUSERNA S.G.,279,08:15,08:30,BOBBIO PELLICE - TORRE PELLICE
Lu0030,TURNO 30 DI LUSERNA S.G.,284,13:10,13:55,SEGGIOVIA VANDALINO - AIRASCA - stabilimento SKF
Lu0030,TURNO 30 DI LUSERNA S.G.,284,14:30,15:15,AIRASCA - stabilimento SKF - SEGGIOVIA VANDALINO
Lu0040,TURNO 40 DI LUSERNA S.G.,279,05:20,05:34,BOBBIO PELLICE - TORRE PELLICE
Lu0040,TURNO 40 DI LUSERNA S.G.,279,05:40,06:00,TORRE PELLICE - BOBBIO PELLICE
Lu0040,TURNO 40 DI LUSERNA S.G.,279,06:20,06:34,BOBBIO PELLICE - TORRE PELLICE
Lu0040,TURNO 40 DI LUSERNA S.G.,284,06:40,07:35,TORRE P. - Lombardini/Volta - Volvera - FCA-MOPAR (Via Aldo Moro)
Lu0040,TURNO 40 DI LUSERNA S.G.,275,08:12,08:42,Volvera-str Piossasco - PINEROLO - movicentro
Lu0040,TURNO 40 DI LUSERNA S.G.,901,08:50,09:25,PINEROLO - movicentro - TORRE PELLICE
Lu0040,TURNO 40 DI LUSERNA S.G.,901,12:25,13:30,TORRE P. - Lombardini/Volta - None Via Pinerolo
Lu0040,TURNO 40 DI LUSERNA S.G.,284,14:25,15:35,None Via Pinerolo - SEGGIOVIA VANDALINO
Lu0050,TURNO 50 DI LUSERNA S.G.,282,13:31,14:37,PINEROLO-stabilimento TN ITALY - TORINO - Autostazione c.so Bolzano
Lu0050,TURNO 50 DI LUSERNA S.G.,284,16:15,17:21,TORINO - Autostazione c.so Bolzano - PINEROLO - Fronte Stazione FS
Lu0050,TURNO 50 DI LUSERNA S.G.,284,17:23,17:53,PINEROLO - Fronte Stazione FS - TORRE PELLICE
Lu0050,TURNO 50 DI LUSERNA S.G.,279,18:00,18:16,TORRE PELLICE - BOBBIO PELLICE
Lu0050,TURNO 50 DI LUSERNA S.G.,279,19:11,19:30,BOBBIO PELLICE - TORRE PELLICE
Lu0050,TURNO 50 DI LUSERNA S.G.,284,21:25,21:58,PINEROLO - Piazza Cavour - None Via Pinerolo
Lu0050,TURNO 50 DI LUSERNA S.G.,284,22:25,23:22,None Via Pinerolo - SEGGIOVIA VANDALINO
Lu0080,TURNO 80 DI LUSERNA S.G.,284,06:10,06:41,TORRE PELLICE - PINEROLO - movicentro
Lu0080,TURNO 80 DI LUSERNA S.G.,284,06:43,07:50,PINEROLO - movicentro - TORINO - Autostazione c.so Bolzano
Lu0080,TURNO 80 DI LUSERNA S.G.,275,08:41,09:44,TORINO - Autostazione c.so Bolzano - PINEROLO - movicentro
Lu0080,TURNO 80 DI LUSERNA S.G.,901,09:50,10:25,PINEROLO - movicentro - TORRE PELLICE
Lu0080,TURNO 80 DI LUSERNA S.G.,279,12:50,13:40,PINEROLO Centro Studi - BOBBIO PELLICE
Pb0020,PIOBESI-TORINO,267,04:49,05:45,PIOBESI T.SE-v.Torino 41-Capol - TO - Via De Cristoforis (Capolinea)
Pb0020,PIOBESI-TORINO,267,06:10,06:56,TO - Via De Cristoforis (Capolinea) - PIOBESI T.SE-v.Torino 41-Capol
Pb0020,PIOBESI-TORINO,267,07:09,08:05,PIOBESI T.SE-v.Torino 41-Capol - TO - Via De Cristoforis (Capolinea)
Pb0020,PIOBESI-TORINO,267,09:00,09:51,TO - Via De Cristoforis (Capolinea) - PIOBESI T.SE-v.Torino 41-Capol
Pb0020,PIOBESI-TORINO,267,10:29,11:20,PIOBESI T.SE-v.Torino 41-Capol - TO - Via De Cristoforis (Capolinea)
Pb0020,PIOBESI-TORINO,267,12:05,12:56,TO - Via De Cristoforis (Capolinea) - PIOBESI T.SE-v.Torino 41-Capol
Pb0030,PIOBESI-TORINO,267,05:39,06:25,PIOBESI T.SE-v.Torino 41-Capol - TO - Via De Cristoforis (Capolinea)
Pb0030,PIOBESI-TORINO,267,06:30,07:21,TO - Via De Cristoforis (Capolinea) - PIOBESI T.SE-v.Torino 41-Capol
Pb0030,PIOBESI-TORINO,267,07:29,08:25,PIOBESI T.SE-v.Torino 41-Capol - TO - Via De Cristoforis (Capolinea)
Pb0030,PIOBESI-TORINO,267,09:30,10:21,TO - Via De Cristoforis (Capolinea) - PIOBESI T.SE-v.Torino 41-Capol
Pb0030,PIOBESI-TORINO,267,11:29,12:20,PIOBESI T.SE-v.Torino 41-Capol - TO - Via De Cristoforis (Capolinea)
Pb0030,PIOBESI-TORINO,267,13:20,14:10,TO - Via De Cristoforis (Capolinea) - PIOBESI T.SE-v.Torino 41-Capol
Pb0040,PIOBESI-TORINO,267,06:34,07:25,PIOBESI T.SE-v.Torino 41-Capol - TO - Via De Cristoforis (Capolinea)
Pb0040,PIOBESI-TORINO,267,07:30,08:21,TO - Via De Cristoforis (Capolinea) - PIOBESI T.SE-v.Torino 41-Capol
Pb0040,PIOBESI-TORINO,267,09:04,09:32,PIOBESI T.SE-v.Torino 41-Capol - TORINO - Cso Unione Sovietica
Pb0040,PIOBESI-TORINO,267,11:00,11:51,TO - Via De Cristoforis (Capolinea) - PIOBESI T.SE-v.Torino 41-Capol
Pb0040,PIOBESI-TORINO,267,13:34,14:25,PIOBESI T.SE-v.Torino 41-Capol - TO - Via De Cristoforis (Capolinea)
Pb0040,PIOBESI-TORINO,267,14:30,15:26,TO - Via De Cristoforis (Capolinea) - PIOBESI T.SE-v.Torino 41-Capol
Pb0050,PIOBESI-TORINO,267,06:49,07:30,PIOBESI T.SE-v.Torino 41-Capol - TO - Via De Cristoforis (Capolinea)
Pb0050,PIOBESI-TORINO,267,08:00,08:51,TO - Via De Cristoforis (Capolinea) - PIOBESI T.SE-v.Torino 41-Capol
Pb0050,PIOBESI-TORINO,267,10:04,10:55,PIOBESI T.SE-v.Torino 41-Capol - TO - Via De Cristoforis (Capolinea)
Pb0050,PIOBESI-TORINO,267,13:23,13:51,TORINO - Cso Unione Sovietica fr 409 - PIOBESI T.SE-v.Torino 41-Capol
Pb0050,PIOBESI-TORINO,267,15:09,16:00,PIOBESI T.SE-v.Torino 41-Capol - TO - Via De Cristoforis (Capolinea)
Pb0050,PIOBESI-TORINO,267,16:30,17:30,TO - Via De Cristoforis (Capolinea) - PIOBESI T.SE-v.Torino 41-Capol
Pb0060,PIOBESI-TORINO,267,06:59,07:54,PIOBESI T.SE-v.Torino 41-Capol - TO - Via De Cristoforis (Capolinea)
Pb0060,PIOBESI-TORINO,267,08:30,09:21,TO - Via De Cristoforis (Capolinea) - PIOBESI T.SE-v.Torino 41-Capol
Pb0060,PIOBESI-TORINO,267,14:13,14:41,TORINO - Cso Unione Sovietica fr 409 - PIOBESI T.SE-v.Torino 41-Capol
Pb0060,PIOBESI-TORINO,267,16:20,17:11,PIOBESI T.SE-v.Torino 41-Capol - TO - Via De Cristoforis (Capolinea)
Pb0060,PIOBESI-TORINO,267,17:55,18:36,TO - Via De Cristoforis (Capolinea) - PIOBESI T.SE-v.Torino 41-Capol
Pb0070,PIOBESI-TORINO,267,14:29,15:20,PIOBESI T.SE-v.Torino 41-Capol - TO - Via De Cristoforis (Capolinea)
Pb0070,PIOBESI-TORINO,267,15:30,16:21,TO - Via De Cristoforis (Capolinea) - PIOBESI T.SE-v.Torino 41-Capol
Pb0070,PIOBESI-TORINO,267,16:59,17:50,PIOBESI T.SE-v.Torino 41-Capol - TO - Via De Cristoforis (Capolinea)
Pb0070,PIOBESI-TORINO,267,18:00,18:56,TO - Via De Cristoforis (Capolinea) - PIOBESI T.SE-v.Torino 41-Capol
Pb0070,PIOBESI-TORINO,267,18:59,19:50,PIOBESI T.SE-v.Torino 41-Capol - TO - Via De Cristoforis (Capolinea)
Pb0070,PIOBESI-TORINO,267,20:00,20:50,TO - Via De Cristoforis (Capolinea) - PIOBESI T.SE-v.Torino 41-Capol
Pb0090,PIOBESI-TORINO,267,17:29,18:25,PIOBESI T.SE-v.Torino 41-Capol - TO - Via De Cristoforis (Capolinea)
Pb0090,PIOBESI-TORINO,267,18:30,19:25,TO - Via De Cristoforis (Capolinea) - PIOBESI T.SE-v.Torino 41-Capol
Pb0090,PIOBESI-TORINO,267,20:20,21:05,PIOBESI T.SE-v.Torino 41-Capol - TO - Via De Cristoforis (Capolinea)
Pb0090,PIOBESI-TORINO,267,21:10,21:56,TO - Via De Cristoforis (Capolinea) - PIOBESI T.SE-v.Torino 41-Capol
Pb0090,PIOBESI-TORINO,267,22:09,22:55,PIOBESI T.SE-v.Torino 41-Capol - TO - Via De Cristoforis (Capolinea)
Pb0090,PIOBESI-TORINO,267,23:05,23:51,TO - Via De Cristoforis (Capolinea) - PIOBESI T.SE-v.Torino 41-Capol
Pb0110,PIOBESI-TORINO,267,15:44,16:35,PIOBESI T.SE-v.Torino 41-Capol - TO - Via De Cristoforis (Capolinea)
Pb0110,PIOBESI-TORINO,267,17:15,18:16,TO - Via De Cristoforis (Capolinea) - PIOBESI T.SE-v.Torino 41-Capol
Pb0110,PIOBESI-TORINO,267,18:19,19:10,PIOBESI T.SE-v.Torino 41-Capol - TO - Via De Cristoforis (Capolinea)
Pb0110,PIOBESI-TORINO,267,19:15,20:10,TO - Via De Cristoforis (Capolinea) - PIOBESI T.SE-v.Torino 41-Capol
Pb0110,PIOBESI-TORINO,267,20:59,21:32,PIOBESI T.SE-v.Torino 41-Capol - TORINO - Cso Unione Sovietica
Pb0110,PIOBESI-TORINO,267,22:31,23:06,TORINO - Cso Unione Sovietica fr 409 - PIOBESI T.SE-v.Torino 41-Capol
Pb0120,VINOVO-CARIGNANO,267,05:59,06:45,PIOBESI T.SE-v.Torino 41-Capol - TO - Via De Cristoforis (Capolinea)
Pb0120,VINOVO-CARIGNANO,267,06:50,07:38,TO - Via De Cristoforis (Capolinea) - PIOBESI T.SE-v.Torino 41-Capol
Pb0120,VINOVO-CARIGNANO,267,07:59,08:45,PIOBESI T.SE-v.Torino 41-Capol - TO - Via De Cristoforis (Capolinea)
Pb0120,VINOVO-CARIGNANO,267,10:25,11:16,TO - Via De Cristoforis (Capolinea) - PIOBESI T.SE-v.Torino 41-Capol
Pb0120,VINOVO-CARIGNANO,267,12:24,13:15,PIOBESI T.SE-v.Torino 41-Capol - TO - Via De Cristoforis (Capolinea)
Pb0120,VINOVO-CARIGNANO,267,13:40,14:31,TO - Via De Cristoforis (Capolinea) - PIOBESI T.SE-v.Torino 41-Capol
Pe0010,TURNO 201 DI PEROSA,282,14:10,14:42,PEROSA ARG.-Pzza Terzo Alpini - PINEROLO - movicentro
Pe0010,TURNO 201 DI PEROSA,282,14:46,15:57,PINEROLO - movicentro - TORINO - Autostazione c.so Bolzano
Pe0010,TURNO 201 DI PEROSA,282,18:03,19:14,TORINO - Autostazione c.so Bolzano - PINEROLO - movicentro
Pe0010,TURNO 201 DI PEROSA,282,20:33,21:05,PINEROLO - movicentro - PEROSA ARG.-Pzza Terzo Alpini
Pe0010,TURNO 201 DI PEROSA,303,21:20,21:35,PERRERO - PEROSA ARG.-Pzza Terzo Alpini
Pe0010,TURNO 201 DI PEROSA,275,21:35,21:55,PEROSA ARG.-Pzza Terzo Alpini - Villar Perosa Stabilimento SKF
Pe0010,TURNO 201 DI PEROSA,275,22:25,22:40,Villar Perosa Stabilimento SKF - PEROSA ARG.-Pzza Terzo Alpini
Pe0010,TURNO 201 DI PEROSA,303,22:45,23:00,PEROSA ARG.-Pzza Terzo Alpini - PERRERO
Pe0020,TURNO 2O2 DI PEROSA,275,04:50,05:20,FENESTRELLE - Via Nazionale - PEROSA ARG.-Pzza Terzo Alpini
Pe0020,TURNO 2O2 DI PEROSA,275,05:30,00:10,PEROSA ARG.-Pzza Terzo Alpini - Villar Perosa Stabilimento SKF
Pe0020,TURNO 2O2 DI PEROSA,275,05:35,05:50,Villar Perosa Stabilimento SKF - PEROSA ARG.-Pzza Terzo Alpini
Pe0020,TURNO 2O2 DI PEROSA,282,05:50,06:22,PEROSA ARG.-Pzza Terzo Alpini - PINEROLO - movicentro
Pe0020,TURNO 2O2 DI PEROSA,282,06:26,07:37,PINEROLO - movicentro - TORINO - Autostazione c.so Bolzano
Pe0020,TURNO 2O2 DI PEROSA,282,08:03,09:20,TORINO - Autostazione c.so Bolzano - PINEROLO - Piazza Cavour
Pe0020,TURNO 2O2 DI PEROSA,282,09:20,09:50,PINEROLO - Piazza Cavour - PEROSA ARG.-Pzza Terzo Alpini
Pe0020,TURNO 2O2 DI PEROSA,275,12:50,13:20,PEROSA ARG.-Pzza Terzo Alpini - FENESTRELLE - Via Nazionale
Pe0020,TURNO 2O2 DI PEROSA,282,13:40,14:10,FENESTRELLE - Via Nazionale - PEROSA ARG.-Pzza Terzo Alpini
Pe0030,TURNO 203 DI PEROSA,275,07:10,07:40,PEROSA ARG.-Pzza Terzo Alpini - PINEROLO - movicentro
Pe0030,TURNO 203 DI PEROSA,275,07:48,08:20,PINEROLO - movicentro - PEROSA ARG.-Pzza Terzo Alpini
Pe0030,TURNO 203 DI PEROSA,275,08:20,09:30,PEROSA ARG.-Pzza Terzo Alpini - SESTRIERE - parcheggio
Pe0030,TURNO 203 DI PEROSA,285,09:30,10:15,SESTRIERE - parcheggio - OULX - Stazione FS
Pe0030,TURNO 203 DI PEROSA,285,11:45,12:30,OULX - Stazione FS - SESTRIERE - parcheggio
Pe0030,TURNO 203 DI PEROSA,275,12:30,13:40,SESTRIERE - parcheggio - PEROSA ARG.-Pzza Terzo Alpini
Pe0030,TURNO 203 DI PEROSA,500,14:10,,PEROSA ARG.-Pzza Terzo Alpini - DUBBIONE - via Nazionale fr
Pe0030,TURNO 203 DI PEROSA,500,14:25,,DUBBIONE - via Nazionale fr 21 - PEROSA ARG.-Pzza Terzo Alpini
Pe0030,TURNO 203 DI PEROSA,275,17:00,17:15,Villar Perosa Stabilimento SKF - PEROSA ARG.-Pzza Terzo Alpini
Pe0030,TURNO 203 DI PEROSA,275,17:20,17:44,PEROSA ARG.-Pzza Terzo Alpini - FENESTRELLE - Via Nazionale
Pe0030,TURNO 203 DI PEROSA,275,17:45,18:15,FENESTRELLE - Via Nazionale - PEROSA ARG.-Pzza Terzo Alpini
Pe0040,TURNO 204 DI PEROSA,282,04:50,05:22,PEROSA ARG.-Pzza Terzo Alpini - PINEROLO - movicentro
Pe0040,TURNO 204 DI PEROSA,282,05:26,06:37,PINEROLO - movicentro - TORINO - Autostazione c.so Bolzano
Pe0040,TURNO 204 DI PEROSA,282,06:53,08:10,TORINO - Autostazione c.so Bolzano - PINEROLO - Piazza Cavour
Pe0040,TURNO 204 DI PEROSA,275,08:10,08:40,PINEROLO - Piazza Cavour - PEROSA ARG.-Pzza Terzo Alpini
Pe0040,TURNO 204 DI PEROSA,500,11:40,12:00,PEROSA ARG.-Pzza Terzo Alpini - Villar Perosa - p.zza Mercato
Pe0040,TURNO 204 DI PEROSA,500,12:00,12:20,Villar Perosa - p.zza Mercato - PEROSA ARG.-Pzza Terzo Alpini
Pe0040,TURNO 204 DI PEROSA,303,13:20,13:35,PERRERO - PEROSA ARG.-Pzza Terzo Alpini
Pe0040,TURNO 204 DI PEROSA,275,13:45,00:10,PEROSA ARG.-Pzza Terzo Alpini - VIL - Boge
Pe0040,TURNO 204 DI PEROSA,275,14:10,14:25,VIL - Boge - PEROSA ARG.-Pzza Terzo Alpini
Pe0040,TURNO 204 DI PEROSA,303,14:30,14:45,PEROSA ARG.-Pzza Terzo Alpini - PERRERO
Pe0050,TURNO 205 DI PEROSA,303,06:20,06:50,PERRERO - PRALI GHIGO
Pe0050,TURNO 205 DI PEROSA,303,06:50,07:35,PRALI GHIGO - PEROSA ARG.-Pzza Terzo Alpini
Pe0050,TURNO 205 DI PEROSA,303,11:25,11:39,PEROSA ARG.-Pzza Terzo Alpini - PERRERO
Pe0050,TURNO 205 DI PEROSA,303,12:20,12:35,PERRERO - PEROSA ARG.-Pzza Terzo Alpini
Pe0050,TURNO 205 DI PEROSA,275,12:40,13:12,PEROSA ARG.-Pzza Terzo Alpini - PINEROLO - movicentro
Pe0050,TURNO 205 DI PEROSA,275,13:16,14:19,PINEROLO - movicentro - TORINO - Autostazione c.so Bolzano
Pe0050,TURNO 205 DI PEROSA,275,15:11,16:20,TORINO - Autostazione c.so Bolzano - PINEROLO - Piazza Cavour
Pe0050,TURNO 205 DI PEROSA,275,16:48,16:50,PINEROLO - movicentro - PINEROLO - Piazza Cavour
Pe0050,TURNO 205 DI PEROSA,275,16:50,17:20,PINEROLO - Piazza Cavour - PEROSA ARG.-Pzza Terzo Alpini
Pe0070,TURNO 207 DI PEROSA,275,05:40,06:12,PEROSA ARG.-Pzza Terzo Alpini - PINEROLO - movicentro
Pe0070,TURNO 207 DI PEROSA,275,06:16,07:19,PINEROLO - movicentro - TORINO - Autostazione c.so Bolzano
Pe0070,TURNO 207 DI PEROSA,275,07:41,08:44,TORINO - Autostazione c.so Bolzano - PINEROLO - movicentro
Pe0070,TURNO 207 DI PEROSA,282,09:46,10:57,PINEROLO - movicentro - TORINO - Autostazione c.so Bolzano
Pe0070,TURNO 207 DI PEROSA,275,12:41,13:44,TORINO - Autostazione c.so Bolzano - PINEROLO - movicentro
Pe0070,TURNO 207 DI PEROSA,275,13:48,14:20,PINEROLO - movicentro - PEROSA ARG.-Pzza Terzo Alpini
Pe0080,TURNO 208 DI PEROSA,282,00:18,00:50,PINEROLO - movicentro - PEROSA ARG.-Pzza Terzo Alpini
Pe0080,TURNO 208 DI PEROSA,275,16:40,00:10,PEROSA ARG.-Pzza Terzo Alpini - Villar Perosa-Via Nazionale-SP Sestriere
Pe0080,TURNO 208 DI PEROSA,275,17:00,17:27,Villar Perosa - Stabilimento TEKFOR A - Pinerolo Bivio Sede SAPAV
Pe0080,TURNO 208 DI PEROSA,278,17:40,18:20,PINEROLO - Piazza Cavour - CERCENASCO - v. Reg.Margherita
Pe0080,TURNO 208 DI PEROSA,278,18:25,19:10,CERCENASCO - v. Reg.Margherita - PINEROLO - Piazza Cavour
Pe0080,TURNO 208 DI PEROSA,282,19:18,19:50,PINEROLO - movicentro - PEROSA ARG.-Pzza Terzo Alpini
Pe0080,TURNO 208 DI PEROSA,282,21:10,21:42,PEROSA ARG.-Pzza Terzo Alpini - PINEROLO - movicentro
Pe0080,TURNO 208 DI PEROSA,282,21:46,22:57,PINEROLO - movicentro - TORINO - Autostazione c.so Bolzano
Pe0080,TURNO 208 DI PEROSA,282,23:03,00:14,TORINO - Autostazione c.so Bolzano - PINEROLO - movicentro
Pe0090,TURNO 209 DI PEROSA,282,12:10,12:40,PEROSA ARG.-Pzza Terzo Alpini - PINEROLO - Piazza Cavour
Pe0090,TURNO 209 DI PEROSA,282,12:40,13:57,PINEROLO - Piazza Cavour - TORINO - Autostazione c.so Bolzano
Pe0090,TURNO 209 DI PEROSA,275,14:41,15:50,TORINO - Autostazione c.so Bolzano - PINEROLO - Piazza Cavour
Pe0090,TURNO 209 DI PEROSA,282,17:16,18:40,PINEROLO - movicentro - TORINO - Autostazione c.so Bolzano
Pe0090,TURNO 209 DI PEROSA,275,18:41,19:44,TORINO - Autostazione c.so Bolzano - PINEROLO - movicentro
Pe0090,TURNO 209 DI PEROSA,275,19:48,20:20,PINEROLO - movicentro - PEROSA ARG.-Pzza Terzo Alpini
Pe0110,TURNO 211 DI PEROSA,275,14:48,15:19,PINEROLO - movicentro - PER - V. Nazionale 6 (Deposito Ex Sapav)
Pe0110,TURNO 211 DI PEROSA,275,15:20,00:01,PER - V. Nazionale 6 (Deposito Ex Sapav) - PEROSA ARG.-Pzza Terzo Alpini
Pe0110,TURNO 211 DI PEROSA,275,15:20,16:30,PEROSA ARG.-Pzza Terzo Alpini - SESTRIERE - parcheggio
Pe0110,TURNO 211 DI PEROSA,285,17:30,18:20,SESTRIERE - parcheggio - OULX - Stazione FS
Pe0110,TURNO 211 DI PEROSA,285,18:45,19:30,OULX - Stazione FS - SESTRIERE - parcheggio
Pe0110,TURNO 211 DI PEROSA,275,19:30,20:10,SESTRIERE - parcheggio - FENESTRELLE - Via Nazionale
Pe0110,TURNO 211 DI PEROSA,275,20:10,20:40,FENESTRELLE - Via Nazionale - PEROSA ARG.-Pzza Terzo Alpini
Pe0110,TURNO 211 DI PEROSA,275,20:40,21:12,PEROSA ARG.-Pzza Terzo Alpini - PINEROLO - movicentro
Pe0110,TURNO 211 DI PEROSA,282,21:18,21:50,PINEROLO - movicentro - PEROSA ARG.-Pzza Terzo Alpini
Pe0120,TURNO 212 DI PEROSA,275,05:20,05:35,PEROSA ARG.-Pzza Terzo Alpini - Villar Perosa Stabilimento SKF
Pe0120,TURNO 212 DI PEROSA,275,06:10,06:40,FENESTRELLE - Via Nazionale - PEROSA ARG.-Pzza Terzo Alpini
Pe0120,TURNO 212 DI PEROSA,275,06:40,07:03,PEROSA ARG.-Pzza Terzo Alpini - PIN - Via Giustetto-Via Polliotti
Pe0120,TURNO 212 DI PEROSA,275,07:05,08:08,PIN - Via Giustetto-Via Polliotti - TORINO - Autostazione c.so Bolzano
Pe0120,TURNO 212 DI PEROSA,282,09:03,10:14,TORINO - Autostazione c.so Bolzano - PINEROLO - movicentro
Pe0120,TURNO 212 DI PEROSA,282,10:18,10:50,PINEROLO - movicentro - PEROSA ARG.-Pzza Terzo Alpini
Pe0120,TURNO 212 DI PEROSA,303,13:25,14:03,PEROSA ARG.-Pzza Terzo Alpini - PRALI GHIGO
Pe0120,TURNO 212 DI PEROSA,303,14:10,14:55,PRALI GHIGO - PEROSA ARG.-Pzza Terzo Alpini
Pe0120,TURNO 212 DI PEROSA,303,15:40,15:55,PEROSA ARG.-Pzza Terzo Alpini - PERRERO
Pe0130,TURNO 213 DI PEROSA,275,15:40,16:12,PEROSA ARG.-Pzza Terzo Alpini - PINEROLO - movicentro
Pe0130,TURNO 213 DI PEROSA,275,16:16,17:19,PINEROLO - movicentro - TORINO - Autostazione c.so Bolzano
Pe0130,TURNO 213 DI PEROSA,275,17:30,18:34,TORINO - Autostazione c.so Bolzano - PIN - Via Giustetto-Via Polliotti
Pe0130,TURNO 213 DI PEROSA,275,18:36,18:56,PIN - Via Giustetto-Via Polliotti - PEROSA ARG.-Pzza Terzo Alpini
Pe0130,TURNO 213 DI PEROSA,282,20:10,20:40,PEROSA ARG.-Pzza Terzo Alpini - PINEROLO - Piazza Cavour
Pe0130,TURNO 213 DI PEROSA,282,20:40,21:57,PINEROLO - Piazza Cavour - TORINO - Autostazione c.so Bolzano
Pe0130,TURNO 213 DI PEROSA,282,22:03,23:20,TORINO - Autostazione c.so Bolzano - PINEROLO - Piazza Cavour
Pe0130,TURNO 213 DI PEROSA,282,23:20,23:50,PINEROLO - Piazza Cavour - PEROSA ARG.-Pzza Terzo Alpini
Pe0140,TURNO 214 DI PEROSA,275,06:50,07:20,PEROSA ARG.-Pzza Terzo Alpini - FENESTRELLE - Via Nazionale
Pe0140,TURNO 214 DI PEROSA,282,07:40,08:42,FENESTRELLE - Via Nazionale - PINEROLO - movicentro
Pe0140,TURNO 214 DI PEROSA,275,08:48,09:20,PINEROLO - movicentro - PEROSA ARG.-Pzza Terzo Alpini
Pe0140,TURNO 214 DI PEROSA,275,13:40,14:10,PEROSA ARG.-Pzza Terzo Alpini - PINEROLO - Piazza Cavour
Pe0140,TURNO 214 DI PEROSA,275,14:10,15:19,PINEROLO - Piazza Cavour - TORINO - Autostazione c.so Bolzano
Pe0140,TURNO 214 DI PEROSA,282,16:03,17:20,TORINO - Autostazione c.so Bolzano - PINEROLO - Piazza Cavour
Pe0140,TURNO 214 DI PEROSA,275,17:20,17:50,PINEROLO - Piazza Cavour - PEROSA ARG.-Pzza Terzo Alpini
Pe0150,TURNO 215 DI PEROSA,303,05:10,05:25,PERRERO - PEROSA ARG.-Pzza Terzo Alpini
Pe0150,TURNO 215 DI PEROSA,275,05:25,05:40,PEROSA ARG.-Pzza Terzo Alpini - VIL - Boge
Pe0150,TURNO 215 DI PEROSA,275,06:05,06:25,Villar Perosa Stabilimento SKF - SAN SECONDO bivio BIMA
Pe0150,TURNO 215 DI PEROSA,284,06:25,06:45,SAN SECONDO bivio BIMA - TORRE PELLICE
Pe0150,TURNO 215 DI PEROSA,284,06:50,07:10,TORRE PELLICE - Bivio Bima
Pe0150,TURNO 215 DI PEROSA,275,07:10,07:30,Bivio Bima - Villar Perosa Stabilimento SKF
Pe0150,TURNO 215 DI PEROSA,282,10:10,10:42,PEROSA ARG.-Pzza Terzo Alpini - PINEROLO - movicentro
Pe0150,TURNO 215 DI PEROSA,282,10:46,11:57,PINEROLO - movicentro - TORINO - Autostazione c.so Bolzano
Pe0150,TURNO 215 DI PEROSA,282,13:03,14:14,TORINO - Autostazione c.so Bolzano - PINEROLO - movicentro
Pe0150,TURNO 215 DI PEROSA,282,14:18,14:50,PINEROLO - movicentro - PEROSA ARG.-Pzza Terzo Alpini
Pe0160,TURNO 216 DI PEROSA,275,13:20,14:30,PEROSA ARG.-Pzza Terzo Alpini - SESTRIERE - parcheggio
Pe0160,TURNO 216 DI PEROSA,285,14:30,15:15,SESTRIERE - parcheggio - OULX - Stazione FS
Pe0160,TURNO 216 DI PEROSA,285,16:45,17:30,OULX - Stazione FS - SESTRIERE - parcheggio
Pe0160,TURNO 216 DI PEROSA,275,17:30,18:40,SESTRIERE - parcheggio - PEROSA ARG.-Pzza Terzo Alpini
Pe0160,TURNO 216 DI PEROSA,284,21:10,21:55,PEROSA ARG.-Pzza Terzo Alpini - AIRASCA - stabilimento SKF
Pe0160,TURNO 216 DI PEROSA,284,22:30,23:15,AIRASCA - stabilimento SKF - PEROSA ARG.-Pzza Terzo Alpini
Pe0170,TURNO 217 DI PEROSA,282,04:20,04:45,PEROSA ARG.-Pzza Terzo Alpini - PINEROLO - Piazza Cavour
Pe0170,TURNO 217 DI PEROSA,282,04:45,05:51,PINEROLO - Piazza Cavour - TORINO - Autostazione c.so Bolzano
Pe0170,TURNO 217 DI PEROSA,275,06:41,07:44,TORINO - Autostazione c.so Bolzano - PINEROLO - movicentro
Pe0170,TURNO 217 DI PEROSA,282,08:10,09:27,PINEROLO - Piazza Cavour - TORINO - Autostazione c.so Bolzano
Pe0170,TURNO 217 DI PEROSA,275,09:41,10:50,TORINO - Autostazione c.so Bolzano - PINEROLO - Piazza Cavour
Pe0170,TURNO 217 DI PEROSA,275,10:50,11:20,PINEROLO - Piazza Cavour - PEROSA ARG.-Pzza Terzo Alpini
Pe0190,TURNO 219 DI PEROSA,275,05:50,07:00,PEROSA ARG.-Pzza Terzo Alpini - SESTRIERE - parcheggio
Pe0190,TURNO 219 DI PEROSA,285,07:00,07:45,SESTRIERE - parcheggio - OULX - Stazione FS
Pe0190,TURNO 219 DI PEROSA,285,08:45,09:30,OULX - Stazione FS - SESTRIERE - parcheggio
Pe0190,TURNO 219 DI PEROSA,275,09:30,10:40,SESTRIERE - parcheggio - PEROSA ARG.-Pzza Terzo Alpini
Pe0190,TURNO 219 DI PEROSA,275,10:40,11:12,PEROSA ARG.-Pzza Terzo Alpini - PINEROLO - movicentro
Pe0190,TURNO 219 DI PEROSA,282,11:18,11:50,PINEROLO - movicentro - PEROSA ARG.-Pzza Terzo Alpini
Pe0190,TURNO 219 DI PEROSA,303,12:35,13:14,PEROSA ARG.-Pzza Terzo Alpini - PRALI GHIGO
Pe0190,TURNO 219 DI PEROSA,303,13:45,14:27,PRALI GHIGO - PEROSA ARG.-Pzza Terzo Alpini
Pe0210,TURNO 221 DI PEROSA,275,16:10,16:40,PEROSA ARG.-Pzza Terzo Alpini - PINEROLO - Piazza Cavour
Pe0210,TURNO 221 DI PEROSA,282,16:40,18:15,PINEROLO - Piazza Cavour - TORINO - Autostazione c.so Bolzano
Pe0210,TURNO 221 DI PEROSA,282,18:33,19:44,TORINO - Autostazione c.so Bolzano - PINEROLO - movicentro
Pe0210,TURNO 221 DI PEROSA,901,19:50,20:25,PINEROLO - movicentro - TORRE PELLICE
Pe0210,TURNO 221 DI PEROSA,284,21:10,21:30,TORRE PELLICE - Bivio Bima
Pe0210,TURNO 221 DI PEROSA,275,21:30,21:50,Bivio Bima - Villar Perosa - Stabilimento TEKFOR A
Pe0210,TURNO 221 DI PEROSA,275,22:25,23:05,VIL - Boge - FENESTRELLE - Via Nazionale
Pe0220,TURNO 222 DI PEROSA,275,06:00,06:40,Villar Perosa - Stabilimento TEKFOR B - FENESTRELLE - Via Nazionale
Pe0220,TURNO 222 DI PEROSA,275,06:40,07:10,FENESTRELLE - Via Nazionale - PEROSA ARG.-Pzza Terzo Alpini
Pe0220,TURNO 222 DI PEROSA,275,07:10,07:25,PEROSA ARG.-Pzza Terzo Alpini - Villar Perosa Stabilimento SKF
Pe0220,TURNO 222 DI PEROSA,500,09:00,09:20,PEROSA ARG.-Pzza Terzo Alpini - Villar Perosa - p.zza Mercato
Pe0220,TURNO 222 DI PEROSA,500,09:20,09:42,Villar Perosa - p.zza Mercato - PEROSA ARG.-Pzza Terzo Alpini
Pe0220,TURNO 222 DI PEROSA,282,11:10,11:42,PEROSA ARG.-Pzza Terzo Alpini - PINEROLO - movicentro
Pe0220,TURNO 222 DI PEROSA,275,11:48,12:50,PINEROLO - movicentro - FENESTRELLE - Via Nazionale
Pe0220,TURNO 222 DI PEROSA,275,13:00,13:37,FENESTRELLE - Via Nazionale - Villar Perosa Stabilimento SKF
Pe0220,TURNO 222 DI PEROSA,275,14:15,14:48,Villar Perosa Stabilimento SKF - FENESTRELLE - Via Nazionale
Pe0250,TURNO 225 DI PEROSA,275,14:15,14:30,Villar Perosa Stabilimento SKF - PEROSA ARG.-Pzza Terzo Alpini
Pe0250,TURNO 225 DI PEROSA,282,15:10,15:42,PEROSA ARG.-Pzza Terzo Alpini - PINEROLO - movicentro
Pe0250,TURNO 225 DI PEROSA,283,16:05,16:30,PINEROLO - Piazza Cavour - CANTALUPA
Pe0250,TURNO 225 DI PEROSA,283,16:40,17:00,CANTALUPA - PINEROLO - Piazza Cavour
Pe0250,TURNO 225 DI PEROSA,280,17:05,17:20,PINEROLO - stazione FS - AIRASCA - stabilimento SKF
Pe0250,TURNO 225 DI PEROSA,284,17:30,18:16,AIRASCA - stabilimento SKF - SEGGIOVIA VANDALINO
Pe0250,TURNO 225 DI PEROSA,275,19:10,20:19,PINEROLO - Piazza Cavour - TORINO - Autostazione c.so Bolzano
Pe0250,TURNO 225 DI PEROSA,275,21:03,22:06,TORINO - Autostazione c.so Bolzano - PINEROLO - movicentro
Pe0250,TURNO 225 DI PEROSA,275,22:10,22:42,PINEROLO - movicentro - PEROSA ARG.-Pzza Terzo Alpini
Pe0280,TURNO 228 DI PEROSA,282,07:10,07:42,PEROSA ARG.-Pzza Terzo Alpini - PINEROLO - movicentro
Pe0280,TURNO 228 DI PEROSA,275,11:20,12:30,PEROSA ARG.-Pzza Terzo Alpini - SESTRIERE - parcheggio
Pe0280,TURNO 228 DI PEROSA,285,12:30,13:15,SESTRIERE - parcheggio - OULX - Stazione FS
Pe0280,TURNO 228 DI PEROSA,285,14:45,15:30,OULX - Stazione FS - SESTRIERE - parcheggio
Pe0280,TURNO 228 DI PEROSA,275,15:30,16:40,SESTRIERE - parcheggio - PEROSA ARG.-Pzza Terzo Alpini
Pe0280,TURNO 228 DI PEROSA,275,16:40,17:12,PEROSA ARG.-Pzza Terzo Alpini - PINEROLO - movicentro
Pe0280,TURNO 228 DI PEROSA,284,17:30,18:15,AIRASCA - stabilimento SKF - PEROSA ARG.-Pzza Terzo Alpini
Pe0300,TURNO 230 DI PEROSA,284,05:10,05:55,PEROSA ARG.-Pzza Terzo Alpini - AIRASCA - stabilimento SKF
Pe0300,TURNO 230 DI PEROSA,284,06:30,07:20,AIRASCA - stabilimento SKF - PEROSA ARG.-Pzza Terzo Alpini
Pe0300,TURNO 230 DI PEROSA,284,07:20,08:05,PEROSA ARG.-Pzza Terzo Alpini - AIRASCA - stabilimento SKF
Pe0300,TURNO 230 DI PEROSA,284,08:15,08:30,AIRASCA - stabilimento SKF - Pinerolo Bivio Sede SAPAV
Pe0300,TURNO 230 DI PEROSA,275,09:16,10:19,PINEROLO - movicentro - TORINO - Autostazione c.so Bolzano
Pe0300,TURNO 230 DI PEROSA,282,12:03,13:14,TORINO - Autostazione c.so Bolzano - PINEROLO - movicentro
Pe0300,TURNO 230 DI PEROSA,282,13:18,13:50,PINEROLO - movicentro - PEROSA ARG.-Pzza Terzo Alpini
Pi0010,TURNO 1 DI PINEROLO,901,06:05,06:35,TORRE PELLICE - PINEROLO - movicentro
Pi0010,TURNO 1 DI PINEROLO,901,06:35,07:05,PINEROLO - movicentro - TORRE PELLICE
Pi0010,TURNO 1 DI PINEROLO,901,07:05,07:40,TORRE PELLICE - PINEROLO - movicentro
Pi0010,TURNO 1 DI PINEROLO,282,07:46,08:57,PINEROLO - movicentro - TORINO - Autostazione c.so Bolzano
Pi0010,TURNO 1 DI PINEROLO,275,11:41,12:50,TORINO - Autostazione c.so Bolzano - PINEROLO - Piazza Cavour
Pi0010,TURNO 1 DI PINEROLO,275,12:50,13:20,PINEROLO - Piazza Cavour - PEROSA ARG.-Pzza Terzo Alpini
Pi0010,TURNO 1 DI PINEROLO,275,13:20,13:39,PEROSA ARG.-Pzza Terzo Alpini - Villar Perosa Stabilimento SKF
Pi0010,TURNO 1 DI PINEROLO,275,14:15,14:40,Villar Perosa Stabilimento SKF - Pinerolo Bivio Sede SAPAV
Pi0020,TURNO 2 PINEROLO,283,06:15,06:40,CANTALUPA - PINEROLO - Piazza Cavour
Pi0020,TURNO 2 PINEROLO,275,07:00,07:24,Pinerolo Bivio Sede SAPAV - Villar Perosa - Stabilimento TEKFOR A
Pi0020,TURNO 2 PINEROLO,275,07:30,07:50,Villar Perosa-Via Nazionale-SP Sestriere - PINEROLO - Piazza Cavour
Pi0020,TURNO 2 PINEROLO,283,08:00,08:30,PINEROLO - Piazza Cavour - CANTALUPA
Pi0020,TURNO 2 PINEROLO,283,08:30,09:00,CANTALUPA - PINEROLO - Piazza Cavour
Pi0020,TURNO 2 PINEROLO,703,10:30,10:57,Pinerolo Frazione Riva (Domarossa) - PIN - Fiugera
Pi0020,TURNO 2 PINEROLO,703,11:00,11:30,PIN - Fiugera - Pinerolo Frazione Riva (Domarossa)
Pi0020,TURNO 2 PINEROLO,703,11:30,11:57,Pinerolo Frazione Riva (Domarossa) - PIN - Fiugera
Pi0020,TURNO 2 PINEROLO,703,12:10,12:35,PIN - Fiugera - RIVA DI PINEROLO -Via Maestra/Aurora
Pi0030,TURNO 3 PINEROLO,284,06:00,06:35,PINEROLO-stabilimento TN ITALY - SEGGIOVIA VANDALINO
Pi0030,TURNO 3 PINEROLO,284,07:25,08:04,SEGGIOVIA VANDALINO - AIRASCA - stabilimento SKF
Pi0030,TURNO 3 PINEROLO,284,08:25,08:50,AIRASCA - stabilimento SKF - PINEROLO - Piazza Cavour
Pi0030,TURNO 3 PINEROLO,283,09:00,09:20,PINEROLO - Piazza Cavour - FRO - Via Principe Amedeo
Pi0030,TURNO 3 PINEROLO,283,09:20,09:50,Frossasco Via Principe Amedeo - PINEROLO - Piazza Cavour
Pi0030,TURNO 3 PINEROLO,283,10:00,10:20,PINEROLO - Piazza Cavour - FRO - Via Principe Amedeo
Pi0030,TURNO 3 PINEROLO,283,10:20,10:51,Frossasco Via Principe Amedeo - PINEROLO - Piazza Cavour
Pi0030,TURNO 3 PINEROLO,701,12:50,13:15,PINEROLO Centro Studi - S.Pietro Val Lemina - via Europa fr
Pi0030,TURNO 3 PINEROLO,701,13:20,13:42,S.Pietro Val Lemina - via Europa 61 - PINEROLO - movicentro
Pi0040,TURNO 4 PINEROLO,275,04:28,05:30,PINEROLO - movicentro - FENESTRELLE - Via Nazionale
Pi0040,TURNO 4 PINEROLO,275,05:30,06:10,FENESTRELLE - Via Nazionale - SESTRIERE - parcheggio
Pi0040,TURNO 4 PINEROLO,275,06:10,07:20,SESTRIERE - parcheggio - PEROSA ARG.-Pzza Terzo Alpini
Pi0040,TURNO 4 PINEROLO,275,07:24,07:56,PEROSA ARG.-Pzza Terzo Alpini - PINEROLO - movicentro
Pi0040,TURNO 4 PINEROLO,275,07:56,08:59,PINEROLO - movicentro - TORINO - Autostazione c.so Bolzano
Pi0040,TURNO 4 PINEROLO,282,10:03,11:14,TORINO - Autostazione c.so Bolzano - PINEROLO - movicentro
Pi0050,TURNO 5 DI PINEROLO,275,05:10,06:19,PINEROLO - Piazza Cavour - TORINO - Autostazione c.so Bolzano
Pi0050,TURNO 5 DI PINEROLO,282,06:43,08:00,TORINO - Autostazione c.so Bolzano - PINEROLO - Piazza Cavour
Pi0050,TURNO 5 DI PINEROLO,284,08:30,08:55,PINEROLO - Piazza Cavour - PEROSA ARG.-Pzza Terzo Alpini
Pi0050,TURNO 5 DI PINEROLO,282,09:10,09:42,PEROSA ARG.-Pzza Terzo Alpini - PINEROLO - movicentro
Pi0050,TURNO 5 DI PINEROLO,275,09:48,10:50,PINEROLO - movicentro - FENESTRELLE - Via Nazionale
Pi0050,TURNO 5 DI PINEROLO,275,11:10,12:12,FENESTRELLE - Via Nazionale - PINEROLO - movicentro
Pi0100,TURNO 10 PINEROLO,275,15:41,16:48,TORINO - Autostazione c.so Bolzano - PINEROLO - movicentro
Pi0100,TURNO 10 PINEROLO,282,18:18,18:50,PINEROLO - movicentro - PEROSA ARG.-Pzza Terzo Alpini
Pi0100,TURNO 10 PINEROLO,275,19:40,20:10,PEROSA ARG.-Pzza Terzo Alpini - PINEROLO - Piazza Cavour
Pi0100,TURNO 10 PINEROLO,275,20:10,21:19,PINEROLO - Piazza Cavour - TORINO - Autostazione c.so Bolzano
Pi0100,TURNO 10 PINEROLO,282,21:41,22:52,TORINO - Autostazione c.so Bolzano - PINEROLO - movicentro
Pi0110,TURNO 11 PINEROLO,275,06:00,06:30,PINEROLO-stabilimento TN ITALY - PEROSA ARG.-Pzza Terzo Alpini
Pi0110,TURNO 11 PINEROLO,275,06:50,07:20,PEROSA ARG.-Pzza Terzo Alpini - PINEROLO - Piazza Cavour
Pi0110,TURNO 11 PINEROLO,275,07:20,08:29,PINEROLO - Piazza Cavour - TORINO - Autostazione c.so Bolzano
Pi0110,TURNO 11 PINEROLO,282,09:33,10:44,TORINO - Autostazione c.so Bolzano - PINEROLO - movicentro
Pi0110,TURNO 11 PINEROLO,901,13:05,13:40,TORRE PELLICE - PINEROLO - movicentro
Pi0120,TURNO 12 DI PINEROLO,283,06:45,07:05,PINEROLO - Piazza Cavour - CANTALUPA
Pi0120,TURNO 12 DI PINEROLO,283,07:10,07:35,CANTALUPA - PINEROLO - Piazza Cavour
Pi0120,TURNO 12 DI PINEROLO,703,07:50,08:25,Frazione Pascaretto - PIN - Fiugera
Pi0120,TURNO 12 DI PINEROLO,275,10:16,11:19,PINEROLO - movicentro - TORINO - Autostazione c.so Bolzano
Pi0120,TURNO 12 DI PINEROLO,119,12:15,12:37,TO - Corso Vercelli-Via Cuorgnè - TO - Corso Belgio
Pi0120,TURNO 12 DI PINEROLO,277,12:37,13:55,TO - Corso Belgio - AIRASCA - stabilimento SKF
Pi0120,TURNO 12 DI PINEROLO,284,14:30,15:22,AIRASCA - stabilimento SKF - PEROSA ARG.-Pzza Terzo Alpini
Pi0120,TURNO 12 DI PINEROLO,284,15:22,15:47,PEROSA ARG.-Pzza Terzo Alpini - PINEROLO - Piazza Cavour
Pi0130,TURNO 13 PINEROLO,278,06:55,07:20,CERCENASCO - v. Reg.Margherita - PINEROLO - stazione FS
Pi0130,TURNO 13 PINEROLO,278,07:30,07:55,PINEROLO - stazione FS - MACELLO - Municipio
Pi0130,TURNO 13 PINEROLO,278,07:55,08:15,MACELLO - Municipio - PINEROLO - stazione FS
Pi0130,TURNO 13 PINEROLO,901,08:20,08:55,PINEROLO - movicentro - TORRE PELLICE
Pi0130,TURNO 13 PINEROLO,283,11:10,11:40,PINEROLO - Piazza Cavour - CANTALUPA
Pi0130,TURNO 13 PINEROLO,283,11:40,12:10,CANTALUPA - PINEROLO - Piazza Cavour
Pi0130,TURNO 13 PINEROLO,275,12:16,13:19,PINEROLO - movicentro - TORINO - Autostazione c.so Bolzano
Pi0130,TURNO 13 PINEROLO,282,13:33,14:44,TORINO - Autostazione c.so Bolzano - PINEROLO - movicentro
Pi0140,TURNO 14 PINEROLO,275,05:11,05:35,Pinerolo Bivio Sede SAPAV - Villar Perosa Stabilimento SKF
Pi0140,TURNO 14 PINEROLO,275,06:00,06:15,VIL - Boge - PEROSA ARG.-Pzza Terzo Alpini
Pi0140,TURNO 14 PINEROLO,303,06:15,06:30,PEROSA ARG.-Pzza Terzo Alpini - PERRERO
Pi0140,TURNO 14 PINEROLO,303,06:55,07:10,PERRERO - PEROSA ARG.-Pzza Terzo Alpini
Pi0140,TURNO 14 PINEROLO,275,07:20,00:10,PEROSA ARG.-Pzza Terzo Alpini - VIL - Boge
Pi0140,TURNO 14 PINEROLO,275,07:40,08:10,PEROSA ARG.-Pzza Terzo Alpini - PINEROLO - Piazza Cavour
Pi0140,TURNO 14 PINEROLO,275,08:10,09:19,PINEROLO - Piazza Cavour - TORINO - Autostazione c.so Bolzano
Pi0140,TURNO 14 PINEROLO,282,11:03,12:14,TORINO - Autostazione c.so Bolzano - PINEROLO - movicentro
Pi0140,TURNO 14 PINEROLO,282,12:18,12:50,PINEROLO - movicentro - PEROSA ARG.-Pzza Terzo Alpini
Pi0140,TURNO 14 PINEROLO,282,12:50,13:22,PEROSA ARG.-Pzza Terzo Alpini - PINEROLO - movicentro
Pi0140,TURNO 14 PINEROLO,282,13:26,13:31,PINEROLO - movicentro - PINEROLO-stabilimento TN ITALY
Pi0150,TURNO 15 DI PINEROLO,282,15:20,15:50,PINEROLO - Piazza Cavour - PEROSA ARG.-Pzza Terzo Alpini
Pi0150,TURNO 15 DI PINEROLO,275,16:20,16:50,PINEROLO - Piazza Cavour - PEROSA ARG.-Pzza Terzo Alpini
Pi0150,TURNO 15 DI PINEROLO,275,17:00,17:15,VIL - Boge - PEROSA ARG.-Pzza Terzo Alpini
Pi0150,TURNO 15 DI PINEROLO,303,17:15,17:30,PEROSA ARG.-Pzza Terzo Alpini - PERRERO
Pi0150,TURNO 15 DI PINEROLO,303,17:30,17:51,PERRERO - SEGGIOVIE 13 LAGHI
Pi0150,TURNO 15 DI PINEROLO,303,18:00,18:38,SEGGIOVIE 13 LAGHI - PEROSA ARG.-Pzza Terzo Alpini
Pi0150,TURNO 15 DI PINEROLO,275,18:40,19:10,PEROSA ARG.-Pzza Terzo Alpini - PINEROLO - Piazza Cavour
Pi0150,TURNO 15 DI PINEROLO,278,19:10,19:40,PINEROLO - Piazza Cavour - CERCENASCO - v. Reg.Margherita
Pi0150,TURNO 15 DI PINEROLO,278,19:40,20:10,CERCENASCO - v. Reg.Margherita - PINEROLO - Piazza Cavour
Pi0160,TURNO 16 DI PINEROLO,275,14:40,15:12,PEROSA ARG.-Pzza Terzo Alpini - PINEROLO - movicentro
Pi0160,TURNO 16 DI PINEROLO,275,15:16,16:19,PINEROLO - movicentro - TORINO - Autostazione c.so Bolzano
Pi0160,TURNO 16 DI PINEROLO,282,17:33,18:44,TORINO - Autostazione c.so Bolzano - PINEROLO - movicentro
Pi0160,TURNO 16 DI PINEROLO,901,18:50,19:25,PINEROLO - movicentro - TORRE PELLICE
Pi0160,TURNO 16 DI PINEROLO,279,20:05,20:21,TORRE PELLICE - BOBBIO PELLICE
Pi0160,TURNO 16 DI PINEROLO,284,21:20,22:00,SEGGIOVIA VANDALINO - AIRASCA - stabilimento SKF
Pi0160,TURNO 16 DI PINEROLO,284,22:30,23:08,AIRASCA - stabilimento SKF - SEGGIOVIA VANDALINO
Pi0180,TURNO 18 PINEROLO,901,12:50,13:25,PINEROLO - movicentro - TORRE PELLICE
Pi0180,TURNO 18 PINEROLO,279,13:30,13:49,TORRE PELLICE - BOBBIO PELLICE
Pi0180,TURNO 18 PINEROLO,279,14:15,14:32,BOBBIO PELLICE - TORRE PELLICE
Pi0180,TURNO 18 PINEROLO,279,17:21,17:35,BOBBIO PELLICE - TORRE PELLICE
Pi0180,TURNO 18 PINEROLO,901,17:35,18:10,TORRE PELLICE - PINEROLO - movicentro
Pi0180,TURNO 18 PINEROLO,282,18:46,19:57,PINEROLO - movicentro - TORINO - Autostazione c.so Bolzano
Pi0180,TURNO 18 PINEROLO,282,20:03,21:14,TORINO - Autostazione c.so Bolzano - PINEROLO - movicentro
Pi0190,TURNO 19 PINEROLO,278,16:30,16:50,PINEROLO - Piazza Cavour - MACELLO - Municipio
Pi0190,TURNO 19 PINEROLO,278,16:50,17:17,MACELLO - Municipio - PINEROLO - Piazza Cavour
Pi0190,TURNO 19 PINEROLO,277,17:30,18:41,AIRASCA - stabilimento SKF - TO - Cso Ferrucci-Via Cavalli
Pi0190,TURNO 19 PINEROLO,119,18:41,19:05,TO - Cso Ferrucci-Via Cavalli - TO - Via Cravero
Pi0190,TURNO 19 PINEROLO,275,19:41,20:50,TORINO - Autostazione c.so Bolzano - PINEROLO - Piazza Cavour
Pi0190,TURNO 19 PINEROLO,275,20:50,21:20,PINEROLO - Piazza Cavour - PEROSA ARG.-Pzza Terzo Alpini
Pi0190,TURNO 19 PINEROLO,275,22:15,22:50,PEROSA ARG.-Pzza Terzo Alpini - Pinerolo Bivio Sede SAPAV
Pi0210,TURNO 21 PINEROLO,275,07:18,07:50,PINEROLO - movicentro - PEROSA ARG.-Pzza Terzo Alpini
Pi0210,TURNO 21 PINEROLO,275,08:40,09:12,PEROSA ARG.-Pzza Terzo Alpini - PINEROLO - movicentro
Pi0210,TURNO 21 PINEROLO,901,09:20,09:55,PINEROLO - movicentro - TORRE PELLICE
Pi0210,TURNO 21 PINEROLO,279,09:55,10:13,TORRE PELLICE - BOBBIO PELLICE
Pi0210,TURNO 21 PINEROLO,279,10:13,10:30,BOBBIO PELLICE - TORRE PELLICE
Pi0210,TURNO 21 PINEROLO,279,10:30,10:50,TORRE PELLICE - BOBBIO PELLICE
Pi0210,TURNO 21 PINEROLO,279,11:15,11:30,BOBBIO PELLICE - TORRE PELLICE
Pi0210,TURNO 21 PINEROLO,901,11:35,12:10,TORRE PELLICE - PINEROLO - movicentro
Pi0210,TURNO 21 PINEROLO,703,12:35,13:04,PIN - Fiugera - Frazione Pascaretto
Pi0210,TURNO 21 PINEROLO,703,13:20,13:50,Pinerolo Frazione Riva (Domarossa) - PIN - Fiugera
Pi0210,TURNO 21 PINEROLO,703,14:00,14:30,PIN - Fiugera - Pinerolo Frazione Riva (Domarossa)
Pi0230,TURNO 23 PINEROLO,275,13:48,14:20,PINEROLO - movicentro - PEROSA ARG.-Pzza Terzo Alpini
Pi0230,TURNO 23 PINEROLO,275,14:20,15:30,PEROSA ARG.-Pzza Terzo Alpini - SESTRIERE - parcheggio
Pi0230,TURNO 23 PINEROLO,275,16:30,17:40,SESTRIERE - parcheggio - PEROSA ARG.-Pzza Terzo Alpini
Pi0230,TURNO 23 PINEROLO,275,17:40,18:12,PEROSA ARG.-Pzza Terzo Alpini - PINEROLO - movicentro
Pi0230,TURNO 23 PINEROLO,901,18:20,18:55,PINEROLO - movicentro - TORRE PELLICE
Pi0230,TURNO 23 PINEROLO,279,19:05,19:19,TORRE PELLICE - BOBBIO PELLICE
Pi0230,TURNO 23 PINEROLO,901,19:35,20:10,TORRE PELLICE - PINEROLO - movicentro
Pi0250,TURNO 25 PINEROLO,703,14:30,14:57,Pinerolo Frazione Riva (Domarossa) - PIN - Fiugera
Pi0250,TURNO 25 PINEROLO,703,15:00,15:30,PIN - Fiugera - Pinerolo Frazione Riva (Domarossa)
Pi0250,TURNO 25 PINEROLO,703,16:40,17:07,Pinerolo Frazione Riva (Domarossa) - PIN - Fiugera
Pi0250,TURNO 25 PINEROLO,703,17:10,17:40,PIN - Fiugera - Pinerolo Frazione Riva (Domarossa)
Pi0250,TURNO 25 PINEROLO,703,17:40,18:08,Pinerolo Frazione Riva (Domarossa) - PIN - Fiugera
Pi0250,TURNO 25 PINEROLO,703,18:20,18:50,PIN - Fiugera - Pinerolo Frazione Riva (Domarossa)
Pi0250,TURNO 25 PINEROLO,703,18:50,19:17,Pinerolo Frazione Riva (Domarossa) - PIN - Fiugera
Pi0250,TURNO 25 PINEROLO,703,19:20,19:50,PIN - Fiugera - Pinerolo Frazione Riva (Domarossa)
Pi0250,TURNO 25 PINEROLO,275,21:31,21:55,Pinerolo Bivio Sede SAPAV - Villar Perosa Stabilimento SKF
Pi0250,TURNO 25 PINEROLO,275,22:25,22:45,Villar Perosa Stabilimento SKF - SAN SECONDO bivio BIMA
Pi0250,TURNO 25 PINEROLO,284,22:45,23:02,SAN SECONDO bivio BIMA - TORRE PELLICE
Pi0260,TURNO 26 DI PINEROLO,284,04:35,05:35,TORRE P. - Lombardini/Volta - None Via Pinerolo
Pi0260,TURNO 26 DI PINEROLO,284,05:55,06:24,None Via Pinerolo - PINEROLO - Piazza Cavour
Pi0260,TURNO 26 DI PINEROLO,901,06:50,07:20,PINEROLO - movicentro - TORRE PELLICE
Pi0260,TURNO 26 DI PINEROLO,279,07:25,07:42,TORRE PELLICE - BOBBIO PELLICE
Pi0260,TURNO 26 DI PINEROLO,279,08:00,08:13,BOBBIO PELLICE - TORRE PELLICE
Pi0280,TURNO 28 PINEROLO,282,11:46,12:57,PINEROLO - movicentro - TORINO - Autostazione c.so Bolzano
Pi0280,TURNO 28 PINEROLO,282,14:03,15:20,TORINO - Autostazione c.so Bolzano - PINEROLO - Piazza Cavour
Pi0280,TURNO 28 PINEROLO,282,15:46,17:10,PINEROLO - movicentro - TORINO - Autostazione c.so Bolzano
Pi0280,TURNO 28 PINEROLO,275,17:15,18:24,TORINO - Autostazione c.so Bolzano - PINEROLO - Piazza Cavour
Pi0290,TURNO 29 PINEROLO,275,05:48,06:20,PINEROLO - movicentro - PEROSA ARG.-Pzza Terzo Alpini
Pi0290,TURNO 29 PINEROLO,275,06:20,06:43,PEROSA ARG.-Pzza Terzo Alpini - PIN - Via Giustetto-Via Polliotti
Pi0290,TURNO 29 PINEROLO,275,06:45,07:48,PIN - Via Giustetto-Via Polliotti - TORINO - Autostazione c.so Bolzano
Pi0290,TURNO 29 PINEROLO,275,08:11,09:20,TORINO - Autostazione c.so Bolzano - PINEROLO - Piazza Cavour
Pi0290,TURNO 29 PINEROLO,275,11:16,12:19,PINEROLO - movicentro - TORINO - Autostazione c.so Bolzano
Pi0290,TURNO 29 PINEROLO,275,13:41,14:44,TORINO - Autostazione c.so Bolzano - PINEROLO - movicentro
Pi0370,TURNO 37 PINEROLO,278,12:45,13:10,PINEROLO - Piazza Cavour - Buriasco Piazza Roma
Pi0370,TURNO 37 PINEROLO,278,13:10,13:25,Buriasco Piazza Roma - PINEROLO - Fronte Stazione FS
Pi0370,TURNO 37 PINEROLO,901,14:20,14:55,PINEROLO - movicentro - TORRE PELLICE
Pi0370,TURNO 37 PINEROLO,279,15:10,15:26,TORRE PELLICE - BOBBIO PELLICE
Pi0370,TURNO 37 PINEROLO,279,15:50,16:10,BOBBIO PELLICE - TORRE PELLICE
Pi0370,TURNO 37 PINEROLO,284,16:10,16:40,TORRE PELLICE - PINEROLO - movicentro
Pi0370,TURNO 37 PINEROLO,283,17:00,17:20,PINEROLO - Piazza Cavour - ROLETTO
Pi0370,TURNO 37 PINEROLO,283,17:20,17:35,ROLETTO - PINEROLO - Piazza Cavour
Pi0370,TURNO 37 PINEROLO,283,18:30,19:00,PINEROLO - Piazza Cavour - CANTALUPA
Pi0370,TURNO 37 PINEROLO,283,19:00,19:20,CANTALUPA - PINEROLO - Piazza Cavour
Pi0370,TURNO 37 PINEROLO,283,19:35,19:55,PINEROLO - Piazza Cavour - CANTALUPA
Pi0370,TURNO 37 PINEROLO,283,19:55,20:13,CANTALUPA - PINEROLO - Piazza Cavour
Pi0500,TURNO 50 PINEROLO,278,12:45,13:23,PINEROLO - Osp. Cottolengo - CERCENASCO - v. Reg.Margherita
Pi0500,TURNO 50 PINEROLO,278,13:45,14:20,CERCENASCO - v. Reg.Margherita - PINEROLO - Piazza Cavour
Pi0500,TURNO 50 PINEROLO,283,15:05,15:30,PINEROLO - Piazza Cavour - CANTALUPA
Pi0500,TURNO 50 PINEROLO,283,15:30,15:49,CANTALUPA - PINEROLO - Piazza Cavour
Pi0500,TURNO 50 PINEROLO,275,15:50,16:20,PINEROLO - Piazza Cavour - PEROSA ARG.-Pzza Terzo Alpini
Pi0500,TURNO 50 PINEROLO,275,16:30,16:40,PEROSA ARG.-Pzza Terzo Alpini - Villar Perosa-Via Nazionale-SP Sestriere
Pi0500,TURNO 50 PINEROLO,275,17:00,17:20,Villar Perosa Stabilimento SKF - SAN SECONDO bivio BIMA
Pi0500,TURNO 50 PINEROLO,284,17:25,17:45,SAN SECONDO bivio BIMA - TORRE PELLICE
Pi0500,TURNO 50 PINEROLO,279,18:16,18:32,BOBBIO PELLICE - TORRE PELLICE
Pi0500,TURNO 50 PINEROLO,901,18:35,19:10,TORRE PELLICE - PINEROLO - movicentro
Pi0560,TURNO 56 PINEROLO,303,05:20,05:39,PEROSA ARG.-Pzza Terzo Alpini - POMEYFRE
Pi0560,TURNO 56 PINEROLO,282,06:00,06:32,PEROSA ARG.-Pzza Terzo Alpini - PINEROLO - movicentro
Pi0560,TURNO 56 PINEROLO,282,06:36,07:47,PINEROLO - movicentro - TORINO - Autostazione c.so Bolzano
Pi0560,TURNO 56 PINEROLO,701,10:50,11:20,MACELLO - Municipio - S.Pietro Val Lemina - via Europa fr
Pi0560,TURNO 56 PINEROLO,701,11:30,12:10,S.Pietro Val Lemina - via Europa 61 - MACELLO - Municipio
Pi0560,TURNO 56 PINEROLO,701,12:10,12:30,MACELLO - Municipio - PINEROLO - movicentro
Pi0580,TURNO 58 PINEROLO,284,17:15,00:10,Pinerolo Bivio Sede SAPAV - AIRASCA - stabilimento SKF
Pi0580,TURNO 58 PINEROLO,277,17:30,18:21,AIRASCA - stabilimento SKF - TO - Via De Sanctis-Via Chambery
Pi0580,TURNO 58 PINEROLO,119,18:21,18:45,TO - Via De Sanctis-Via Chambery - Via Oxilia-Cso Giulio Cesare
Pi0580,TURNO 58 PINEROLO,282,19:18,20:29,TORINO - Autostazione c.so Bolzano - PINEROLO - movicentro
Pi0580,TURNO 58 PINEROLO,277,22:30,23:08,AIRASCA - stabilimento SKF - Beinasco (Banca SanPaolo)
Pi0620,TURNO 62 PINEROLO,283,12:20,12:50,PINEROLO - Piazza Cavour - CANTALUPA
Pi0620,TURNO 62 PINEROLO,283,14:00,14:30,CANTALUPA - PINEROLO - Piazza Cavour
Pi0620,TURNO 62 PINEROLO,701,15:20,15:50,MACELLO - Municipio - S.Pietro Val Lemina - via Europa fr
Pi0620,TURNO 62 PINEROLO,701,15:50,16:30,S.Pietro Val Lemina - via Europa 61 - MACELLO - Municipio
Pi0620,TURNO 62 PINEROLO,701,16:40,17:10,MACELLO - Municipio - S.Pietro Val Lemina - via Europa fr
Pi0620,TURNO 62 PINEROLO,701,17:18,17:58,S.Pietro Val Lemina - via Europa 61 - MACELLO - Municipio
Pi0620,TURNO 62 PINEROLO,701,18:00,18:30,MACELLO - Municipio - S.Pietro Val Lemina - via Europa fr
Pi0620,TURNO 62 PINEROLO,701,18:30,19:10,S.Pietro Val Lemina - via Europa 61 - MACELLO - Municipio
Pi0620,TURNO 62 PINEROLO,701,19:20,19:40,MACELLO - Municipio - PINEROLO - movicentro
Pi0720,TURNO 72 PINEROLO,703,15:30,15:57,Pinerolo Frazione Riva (Domarossa) - PIN - Fiugera
Pi0720,TURNO 72 PINEROLO,703,16:00,16:35,PIN - Fiugera - Frazione Pascaretto
Pi0720,TURNO 72 PINEROLO,284,17:20,18:35,None Via Pinerolo - SEGGIOVIA VANDALINO
Pi0720,TURNO 72 PINEROLO,282,20:18,20:50,PINEROLO - movicentro - PEROSA ARG.-Pzza Terzo Alpini
Pi0720,TURNO 72 PINEROLO,275,21:00,21:30,PEROSA ARG.-Pzza Terzo Alpini - PINEROLO-stabilimento TN ITALY
Pi0930,TURNO 93 DI PINEROLO,701,05:30,05:48,PINEROLO - movicentro - MACELLO - Municipio
Pi0930,TURNO 93 DI PINEROLO,701,05:50,06:20,MACELLO - Municipio - S.Pietro Val Lemina - via Europa fr
Pi0930,TURNO 93 DI PINEROLO,701,06:20,07:00,S.Pietro Val Lemina - via Europa 61 - MACELLO - Municipio
Pi0930,TURNO 93 DI PINEROLO,701,07:05,07:35,MACELLO - Municipio - S.Pietro Val Lemina - via Europa fr
Pi0930,TURNO 93 DI PINEROLO,701,07:35,08:00,S.Pietro Val Lemina - via Europa 61 - Pinerolo Centro Studi (C.Torino/Rochis)
Pi0930,TURNO 93 DI PINEROLO,701,08:19,08:36,PIN - Str. Vecchia di Buriasco-Via Seves - S.Pietro Val Lemina - via Europa fr
Pi0930,TURNO 93 DI PINEROLO,701,08:40,09:20,S.Pietro Val Lemina - via Europa 61 - MACELLO - Municipio
Pi0930,TURNO 93 DI PINEROLO,701,09:25,10:03,MACELLO - Municipio - S.Pietro Val Lemina - via Europa fr
Pi0930,TURNO 93 DI PINEROLO,701,10:10,10:50,S.Pietro Val Lemina - via Europa 61 - MACELLO - Municipio
Pi0950,TURNO 95 DI PINEROLO,703,08:20,08:47,Pinerolo Frazione Riva (Domarossa) - PIN - Fiugera
Pi0950,TURNO 95 DI PINEROLO,703,09:00,09:30,PIN - Fiugera - Pinerolo Frazione Riva (Domarossa)
Pi0950,TURNO 95 DI PINEROLO,703,09:30,09:57,Pinerolo Frazione Riva (Domarossa) - PIN - Fiugera
Pi0950,TURNO 95 DI PINEROLO,703,10:00,10:30,PIN - Fiugera - Pinerolo Frazione Riva (Domarossa)
Pi0950,TURNO 95 DI PINEROLO,701,13:45,14:03,PINEROLO - movicentro - MACELLO - Municipio
Pi0950,TURNO 95 DI PINEROLO,701,14:05,14:35,MACELLO - Municipio - S.Pietro Val Lemina - via Europa fr
Pi0950,TURNO 95 DI PINEROLO,701,14:40,15:20,S.Pietro Val Lemina - via Europa 61 - MACELLO - Municipio
Pi0950,TURNO 95 DI PINEROLO,901,15:50,16:25,PINEROLO - movicentro - TORRE PELLICE
Pi0950,TURNO 95 DI PINEROLO,901,17:05,17:40,TORRE PELLICE - PINEROLO - movicentro
Pt0010,CAREMA-TORINO-CAREMA,265,05:05,05:39,PONT S.MARTIN-pzza IV Novembre - IVREA - Stazione FS est
Pt0010,CAREMA-TORINO-CAREMA,265,05:41,06:31,IVREA - Stazione FS est - CHIVASSO - Staz. FS Movicentro
Pt0010,CAREMA-TORINO-CAREMA,265,06:35,07:33,CHIVASSO - Staz. FS Movicentro - IVREA - Stazione FS int
Pt0010,CAREMA-TORINO-CAREMA,265,07:35,08:05,IVREA - Stazione FS int - PONT S.MARTIN-pzza IV Novembre
Pt0010,CAREMA-TORINO-CAREMA,265,09:52,10:26,PONT S.MARTIN-pzza IV Novembre - IVREA - Stazione FS est
Pt0010,CAREMA-TORINO-CAREMA,265,10:28,11:18,IVREA - Stazione FS est - CHIVASSO - Staz. FS Movicentro
Pt0010,CAREMA-TORINO-CAREMA,265,12:23,13:13,CHIVASSO - Staz. FS Movicentro - IVREA - Stazione FS int
Pt0010,CAREMA-TORINO-CAREMA,265,13:15,13:45,IVREA - Stazione FS int - PONT S.MARTIN-pzza IV Novembre
Pt0020,CAREMA-TORINO-CAREMA,265,05:25,05:59,PONT S.MARTIN-pzza IV Novembre - IVREA - Stazione FS est
Pt0020,CAREMA-TORINO-CAREMA,265,06:01,06:38,IVREA - Stazione FS est - CHIVASSO - p.le Alfa-Lancia
Pt0020,CAREMA-TORINO-CAREMA,265,06:40,07:45,CHIVASSO - p.le Alfa-Lancia - TO-Settembrini-Mirafiori FCA
Pt0020,CAREMA-TORINO-CAREMA,265,12:50,14:00,TORINO - Autostazione c.so Bolzano - STRAMBINO - c.so Torino
Pt0020,CAREMA-TORINO-CAREMA,265,14:02,14:46,STRAMBINO - c.so Torino 44 - PONT S.MARTIN-pzza IV Novembre
Pt0030,CAREMA-TORINO-CAREMA,265,05:57,06:25,PONT S.MARTIN-pzza IV Novembre - IVREA - Porta Vercelli
Pt0030,CAREMA-TORINO-CAREMA,265,06:34,00:09,IVREA - Porta Vercelli - IVREA - loc Banchette
Pt0030,CAREMA-TORINO-CAREMA,265,06:36,07:31,IVREA - loc Banchette - TORINO - Autostazione c.so Bolzano
Pt0030,CAREMA-TORINO-CAREMA,265,07:50,08:51,TORINO - Autostazione c.so Bolzano - IVREA - loc Banchette
Pt0030,CAREMA-TORINO-CAREMA,265,08:53,09:26,IVREA - loc Banchette - PONT S.MARTIN-pzza IV Novembre
Pt0030,CAREMA-TORINO-CAREMA,265,10:52,11:26,PONT S.MARTIN-pzza IV Novembre - IVREA - Stazione FS est
Pt0030,CAREMA-TORINO-CAREMA,265,11:28,12:18,IVREA - Stazione FS est - CHIVASSO - Staz. FS Movicentro
Pt0030,CAREMA-TORINO-CAREMA,265,12:43,13:33,CHIVASSO - Staz. FS Movicentro - IVREA - Stazione FS int
Pt0030,CAREMA-TORINO-CAREMA,265,13:35,14:05,IVREA - Stazione FS int - PONT S.MARTIN-pzza IV Novembre
Pt0040,CAREMA-TORINO-CAREMA,265,06:47,07:30,PONT S.MARTIN-pzza IV Novembre - STRAMBINO - c.so Torino
Pt0040,CAREMA-TORINO-CAREMA,265,07:32,08:48,STRAMBINO - c.so Torino 45 - TORINO - Autostazione c.so Bolzano
Pt0040,CAREMA-TORINO-CAREMA,265,12:06,13:07,TORINO - Autostazione c.so Bolzano - IVREA - loc Banchette
Pt0040,CAREMA-TORINO-CAREMA,265,13:09,13:42,IVREA - loc Banchette - PONT S.MARTIN-pzza IV Novembre
Pt0040,CAREMA-TORINO-CAREMA,265,14:52,15:26,PONT S.MARTIN-pzza IV Novembre - IVREA - Stazione FS est
Pt0040,CAREMA-TORINO-CAREMA,265,15:28,16:18,IVREA - Stazione FS est - CHIVASSO - Staz. FS Movicentro
Pt0040,CAREMA-TORINO-CAREMA,265,16:43,17:33,CHIVASSO - Staz. FS Movicentro - IVREA - Stazione FS int
Pt0040,CAREMA-TORINO-CAREMA,265,17:35,18:05,IVREA - Stazione FS int - PONT S.MARTIN-pzza IV Novembre
Pt0050,CAREMA-TORINO-CAREMA,265,06:22,06:50,PONT S.MARTIN-pzza IV Novembre - IVREA - Porta Vercelli
Pt0050,CAREMA-TORINO-CAREMA,265,06:59,00:09,IVREA - Porta Vercelli - IVREA - loc Banchette
Pt0050,CAREMA-TORINO-CAREMA,265,07:01,07:56,IVREA - loc Banchette - TORINO - Autostazione c.so Bolzano
Pt0050,CAREMA-TORINO-CAREMA,265,08:15,09:25,TORINO - Autostazione c.so Bolzano - STRAMBINO - c.so Torino
Pt0050,CAREMA-TORINO-CAREMA,265,09:27,10:11,STRAMBINO - c.so Torino 44 - PONT S.MARTIN-pzza IV Novembre
Pt0050,CAREMA-TORINO-CAREMA,265,11:52,12:26,PONT S.MARTIN-pzza IV Novembre - IVREA - Stazione FS est
Pt0050,CAREMA-TORINO-CAREMA,265,12:28,13:18,IVREA - Stazione FS est - CHIVASSO - Staz. FS Movicentro
Pt0050,CAREMA-TORINO-CAREMA,265,13:43,14:33,CHIVASSO - Staz. FS Movicentro - IVREA - Stazione FS int
Pt0050,CAREMA-TORINO-CAREMA,265,14:35,15:05,IVREA - Stazione FS int - PONT S.MARTIN-pzza IV Novembre
Pt0060,CAREMA-TORINO-CAREMA,265,06:34,07:00,IVREA - Stazione FS int - PONT S.MARTIN-pzza IV Novembre
Pt0060,CAREMA-TORINO-CAREMA,265,07:52,08:26,PONT S.MARTIN-pzza IV Novembre - IVREA - Stazione FS est
Pt0060,CAREMA-TORINO-CAREMA,265,08:28,09:18,IVREA - Stazione FS est - CHIVASSO - Staz. FS Movicentro
Pt0060,CAREMA-TORINO-CAREMA,265,09:43,10:33,CHIVASSO - Staz. FS Movicentro - IVREA - Stazione FS int
Pt0060,CAREMA-TORINO-CAREMA,265,10:35,11:05,IVREA - Stazione FS int - PONT S.MARTIN-pzza IV Novembre
Pt0060,CAREMA-TORINO-CAREMA,265,12:22,12:59,PONT S.MARTIN-pzza IV Novembre - IVREA - loc Banchette
Pt0060,CAREMA-TORINO-CAREMA,265,13:01,13:56,IVREA - loc Banchette - TORINO - Autostazione c.so Bolzano
Pt0060,CAREMA-TORINO-CAREMA,265,14:06,15:07,TORINO - Autostazione c.so Bolzano - IVREA - loc Banchette
Pt0060,CAREMA-TORINO-CAREMA,265,15:09,15:42,IVREA - loc Banchette - PONT S.MARTIN-pzza IV Novembre
Pt0080,CAREMA-TORINO-CAREMA,265,12:52,13:35,PONT S.MARTIN-pzza IV Novembre - STRAMBINO - c.so Torino
Pt0080,CAREMA-TORINO-CAREMA,265,13:37,14:58,STRAMBINO - c.so Torino 45 - TORINO - Autostazione c.so Bolzano
Pt0080,CAREMA-TORINO-CAREMA,265,16:10,17:06,TO-p.za Cattaneo-Mirafiori FCA - CHIVASSO - p.le Alfa-Lancia
Pt0080,CAREMA-TORINO-CAREMA,265,17:08,17:46,CHIVASSO - p.le Alfa-Lancia - IVREA - Stazione FS int
Pt0080,CAREMA-TORINO-CAREMA,265,17:48,18:18,IVREA - Stazione FS int - PONT S.MARTIN-pzza IV Novembre
Pt0090,CAREMA-TORINO-CAREMA,265,14:22,14:59,PONT S.MARTIN-pzza IV Novembre - IVREA - loc Banchette
Pt0090,CAREMA-TORINO-CAREMA,265,15:01,15:56,IVREA - loc Banchette - TORINO - Autostazione c.so Bolzano
Pt0090,CAREMA-TORINO-CAREMA,265,18:15,19:25,TORINO - Autostazione c.so Bolzano - STRAMBINO - c.so Torino
Pt0090,CAREMA-TORINO-CAREMA,265,19:27,20:11,STRAMBINO - c.so Torino 44 - PONT S.MARTIN-pzza IV Novembre
Pt0100,CAREMA-TORINO-CAREMA,265,13:52,14:26,PONT S.MARTIN-pzza IV Novembre - IVREA - Stazione FS est
Pt0100,CAREMA-TORINO-CAREMA,265,14:28,15:23,IVREA - Stazione FS est - CHIVASSO - Staz. FS Movicentro
Pt0100,CAREMA-TORINO-CAREMA,265,15:43,16:33,CHIVASSO - Staz. FS Movicentro - IVREA - Stazione FS int
Pt0100,CAREMA-TORINO-CAREMA,265,16:35,17:05,IVREA - Stazione FS int - PONT S.MARTIN-pzza IV Novembre
Pt0100,CAREMA-TORINO-CAREMA,265,17:52,18:26,PONT S.MARTIN-pzza IV Novembre - IVREA - Stazione FS est
Pt0100,CAREMA-TORINO-CAREMA,265,18:28,19:18,IVREA - Stazione FS est - CHIVASSO - Staz. FS Movicentro
Pt0100,CAREMA-TORINO-CAREMA,265,19:43,20:33,CHIVASSO - Staz. FS Movicentro - IVREA - Stazione FS int
Pt0100,CAREMA-TORINO-CAREMA,265,20:35,21:05,IVREA - Stazione FS int - PONT S.MARTIN-pzza IV Novembre
Pt0110,CAREMA-TORINO-CAREMA,265,16:02,16:36,PONT S.MARTIN-pzza IV Novembre - IVREA - Stazione FS est
Pt0110,CAREMA-TORINO-CAREMA,265,16:38,17:33,IVREA - Stazione FS est - CHIVASSO - Staz. FS Movicentro
Pt0110,CAREMA-TORINO-CAREMA,265,17:43,18:33,CHIVASSO - Staz. FS Movicentro - IVREA - Stazione FS int
Pt0110,CAREMA-TORINO-CAREMA,265,18:35,19:05,IVREA - Stazione FS int - PONT S.MARTIN-pzza IV Novembre
Pt0110,CAREMA-TORINO-CAREMA,265,20:22,20:56,PONT S.MARTIN-pzza IV Novembre - IVREA - Stazione FS est
Pt0110,CAREMA-TORINO-CAREMA,265,20:58,21:48,IVREA - Stazione FS est - CHIVASSO - Staz. FS Movicentro
Pt0110,CAREMA-TORINO-CAREMA,265,22:12,23:02,CHIVASSO - Staz. FS Movicentro - IVREA - Stazione FS int
Pt0110,CAREMA-TORINO-CAREMA,265,23:04,23:34,IVREA - Stazione FS int - PONT S.MARTIN-pzza IV Novembre
Sa0020,TURNO 602 DI SALBERTRAND,285,05:45,06:00,OULX - Stazione FS - SAUZE D'OULX
Sa0020,TURNO 602 DI SALBERTRAND,285,06:00,06:15,SAUZE D'OULX - OULX - Stazione FS
Sa0020,TURNO 602 DI SALBERTRAND,285,07:15,07:25,SAUZE DI CESANA - Cesana Municipio
Sa0020,TURNO 602 DI SALBERTRAND,285,07:25,07:45,Cesana Municipio - OULX - Stazione FS
Sa0020,TURNO 602 DI SALBERTRAND,285,07:50,08:35,OULX - Stazione FS - SESTRIERE - parcheggio
Sa0020,TURNO 602 DI SALBERTRAND,285,08:35,09:20,SESTRIERE - parcheggio - OULX - Stazione FS
Sa0020,TURNO 602 DI SALBERTRAND,285,09:45,10:00,OULX - Stazione FS - SAUZE D'OULX
Sa0020,TURNO 602 DI SALBERTRAND,285,10:00,10:15,SAUZE D'OULX - OULX - Stazione FS
Sa0020,TURNO 602 DI SALBERTRAND,285,10:45,11:00,OULX - Stazione FS - SAUZE D'OULX
Sa0020,TURNO 602 DI SALBERTRAND,285,11:00,11:15,SAUZE D'OULX - OULX - Stazione FS
Sa0020,TURNO 602 DI SALBERTRAND,285,11:45,12:00,OULX - Stazione FS - SAUZE D'OULX
Sa0020,TURNO 602 DI SALBERTRAND,285,12:00,12:15,SAUZE D'OULX - OULX - Stazione FS
Sa0030,TURNO 603 DI SALBERTRAND,285,11:00,11:25,Cesana Municipio - SESTRIERE - parcheggio
Sa0030,TURNO 603 DI SALBERTRAND,285,12:04,12:49,SESTRIERE - parcheggio - OULX - Stazione FS
Sa0030,TURNO 603 DI SALBERTRAND,285,13:05,13:50,OULX - Stazione FS - SESTRIERE - parcheggio
Sa0030,TURNO 603 DI SALBERTRAND,285,15:30,16:15,SESTRIERE - parcheggio - OULX - Stazione FS
Sa0030,TURNO 603 DI SALBERTRAND,285,17:45,18:30,OULX - Stazione FS - SESTRIERE - parcheggio
Sa0040,TURNO 604 DI SALBERTRAND,285,06:00,06:20,Cesana Municipio - OULX - Stazione FS
Sa0040,TURNO 604 DI SALBERTRAND,285,06:45,07:30,OULX - Stazione FS - SESTRIERE - parcheggio
Sa0040,TURNO 604 DI SALBERTRAND,275,07:30,08:40,SESTRIERE - parcheggio - PEROSA ARG.-Pzza Terzo Alpini
Sa0040,TURNO 604 DI SALBERTRAND,275,09:20,10:30,PEROSA ARG.-Pzza Terzo Alpini - SESTRIERE - parcheggio
Sa0040,TURNO 604 DI SALBERTRAND,285,10:30,11:15,SESTRIERE - parcheggio - OULX - Stazione FS
Sa0050,TURNO 605 DI SALBERTRAND,285,12:30,12:45,OULX - Stazione FS - SAUZE D'OULX
Sa0050,TURNO 605 DI SALBERTRAND,285,12:45,13:00,SAUZE D'OULX - OULX - Stazione FS
Sa0050,TURNO 605 DI SALBERTRAND,285,13:45,14:00,OULX - Stazione FS - SAUZE D'OULX
Sa0050,TURNO 605 DI SALBERTRAND,285,14:00,14:15,SAUZE D'OULX - OULX - Stazione FS
Sa0050,TURNO 605 DI SALBERTRAND,285,15:45,16:00,OULX - Stazione FS - SAUZE D'OULX
Sa0050,TURNO 605 DI SALBERTRAND,285,16:00,16:15,SAUZE D'OULX - OULX - Stazione FS
Sa0050,TURNO 605 DI SALBERTRAND,285,16:45,17:00,OULX - Stazione FS - SAUZE D'OULX
Sa0050,TURNO 605 DI SALBERTRAND,285,17:00,17:15,SAUZE D'OULX - OULX - Stazione FS
Sa0050,TURNO 605 DI SALBERTRAND,285,17:45,18:00,OULX - Stazione FS - SAUZE D'OULX
Sa0050,TURNO 605 DI SALBERTRAND,285,18:00,18:15,SAUZE D'OULX - OULX - Stazione FS
Sa0050,TURNO 605 DI SALBERTRAND,285,18:45,19:00,OULX - Stazione FS - SAUZE D'OULX
Sa0050,TURNO 605 DI SALBERTRAND,285,19:00,19:15,SAUZE D'OULX - OULX - Stazione FS
Sa0050,TURNO 605 DI SALBERTRAND,285,19:45,20:00,OULX - Stazione FS - SAUZE D'OULX
Sa0050,TURNO 605 DI SALBERTRAND,285,20:00,20:15,SAUZE D'OULX - OULX - Stazione FS
Sa0060,TURNO 608 DI SALBERTRAND,285,07:50,08:05,OULX - Stazione FS - SAUZE D'OULX
Sa0060,TURNO 608 DI SALBERTRAND,285,08:05,08:20,SAUZE D'OULX - OULX - Stazione FS
Sa0060,TURNO 608 DI SALBERTRAND,285,08:45,09:00,OULX - Stazione FS - SAUZE D'OULX
Sa0060,TURNO 608 DI SALBERTRAND,285,09:00,09:15,SAUZE D'OULX - OULX - Stazione FS
Sa0060,TURNO 608 DI SALBERTRAND,285,13:05,13:25,OULX - Stazione FS - Cesana fr Municipio
Sa0060,TURNO 608 DI SALBERTRAND,285,13:35,00:10,Cesana fr Municipio - SAUZE DI CESANA
Sa0060,TURNO 608 DI SALBERTRAND,285,13:40,13:50,SAUZE DI CESANA - Cesana Municipio
Sa0060,TURNO 608 DI SALBERTRAND,285,14:05,14:25,Cesana Municipio - OULX - Stazione FS
Sa0060,TURNO 608 DI SALBERTRAND,285,14:55,15:10,OULX - Stazione FS - SAUZE D'OULX
Sa0060,TURNO 608 DI SALBERTRAND,285,15:10,15:25,SAUZE D'OULX - OULX - Stazione FS
Sa0060,TURNO 608 DI SALBERTRAND,285,15:45,16:30,OULX - Stazione FS - SESTRIERE - parcheggio
Sa0060,TURNO 608 DI SALBERTRAND,285,16:30,17:15,SESTRIERE - parcheggio - OULX - Stazione FS
Sa0080,TURNO 619 DI SALBERTRAND,285,13:45,14:30,OULX - Stazione FS - SESTRIERE - parcheggio
Sa0080,TURNO 619 DI SALBERTRAND,275,14:30,15:40,SESTRIERE - parcheggio - PEROSA ARG.-Pzza Terzo Alpini
Sa0080,TURNO 619 DI SALBERTRAND,282,17:10,17:42,PEROSA ARG.-Pzza Terzo Alpini - PINEROLO - movicentro
Sa0080,TURNO 619 DI SALBERTRAND,275,17:48,18:20,PINEROLO - movicentro - PEROSA ARG.-Pzza Terzo Alpini
Sa0080,TURNO 619 DI SALBERTRAND,275,18:20,19:30,PEROSA ARG.-Pzza Terzo Alpini - SESTRIERE - parcheggio
Sa0080,TURNO 619 DI SALBERTRAND,285,19:30,20:15,SESTRIERE - parcheggio - OULX - Stazione FS
Su0010,TURNO 501 DI SUSA,274,16:35,17:20,SUSA - stazione FS - FERRIERA - TEKFOR
Su0010,TURNO 501 DI SUSA,274,17:20,18:05,FERRIERA - TEKFOR - SUSA - stazione FS
Su0010,TURNO 501 DI SUSA,286,18:05,18:20,SUSA - stazione FS - Novalesa
Su0010,TURNO 501 DI SUSA,286,18:20,18:35,Novalesa - SUSA - stazione FS
Su0010,TURNO 501 DI SUSA,905,18:55,19:05,SUSA - stazione FS - BUSSOLENO - stazione FS
Su0010,TURNO 501 DI SUSA,905,19:10,19:20,BUSSOLENO - stazione FS - Susa Stazions F.S.
Su0010,TURNO 501 DI SUSA,274,21:00,21:45,SUSA - stazione FS - LUTHER KING - TEKFOR
Su0010,TURNO 501 DI SUSA,123,21:50,00:05,LUTHER KING - TEKFOR - FERRIERA - TEKFOR
Su0010,TURNO 501 DI SUSA,123,22:10,22:15,FERRIERA - TEKFOR - LUTHER KING - TEKFOR
Su0010,TURNO 501 DI SUSA,274,22:15,22:55,LUTHER KING - TEKFOR - SUSA - stazione FS
Su0010,TURNO 501 DI SUSA,274,23:00,23:10,SUSA - stazione FS - Novalesa
Su0020,TURNO 502 DI SUSA,286,06:40,07:00,SUSA - stazione FS - EXILLES
Su0020,TURNO 502 DI SUSA,286,07:10,07:30,EXILLES - SUSA - stazione FS
Su0020,TURNO 502 DI SUSA,286,11:15,11:30,SUSA - stazione FS - Novalesa
Su0020,TURNO 502 DI SUSA,286,11:35,11:50,Novalesa - SUSA - stazione FS
Su0020,TURNO 502 DI SUSA,286,12:30,12:45,SUSA - stazione FS - Novalesa
Su0020,TURNO 502 DI SUSA,274,12:45,13:00,Novalesa - SUSA - stazione FS
Su0040,TURNO 504 DI SUSA,286,12:30,12:50,SUSA - stazione FS - EXILLES
Su0040,TURNO 504 DI SUSA,286,13:00,13:20,EXILLES - SUSA - stazione FS
Su0040,TURNO 504 DI SUSA,286,14:15,14:30,SUSA - stazione FS - Novalesa
Su0040,TURNO 504 DI SUSA,286,14:30,14:45,Novalesa - SUSA - stazione FS
Su0040,TURNO 504 DI SUSA,274,16:30,16:54,CASCINE VICA - AVIGLIANA - stazione FS
Su0040,TURNO 504 DI SUSA,274,16:56,17:35,AVIGLIANA - stazione FS - SUSA - stazione FS
Su0040,TURNO 504 DI SUSA,286,18:05,18:25,SUSA - stazione FS - EXILLES
Su0040,TURNO 504 DI SUSA,286,18:25,18:45,EXILLES - SUSA - stazione FS
Su0040,TURNO 504 DI SUSA,286,19:00,19:15,SUSA - stazione FS - Novalesa
Su0040,TURNO 504 DI SUSA,286,19:20,19:35,Novalesa - SUSA - stazione FS
Su0060,TURNO 506 DI SUSA,274,06:30,07:15,SUSA - stazione FS - FERRIERA - TEKFOR
Su0060,TURNO 506 DI SUSA,274,07:15,07:40,FERRIERA - TEKFOR - S.Antonino-via Moncenisio 87 (Scuole M)
Su0060,TURNO 506 DI SUSA,274,07:40,08:10,S.Antonino-via Moncenisio 87 (Scuole M) - SUSA - stazione FS
Su0060,TURNO 506 DI SUSA,286,08:15,08:30,SUSA - stazione FS - Novalesa
Su0060,TURNO 506 DI SUSA,286,08:30,08:45,Novalesa - SUSA - stazione FS
Su0060,TURNO 506 DI SUSA,274,13:00,13:45,SUSA - stazione FS - LUTHER KING - TEKFOR
Su0060,TURNO 506 DI SUSA,123,13:50,00:05,LUTHER KING - TEKFOR - FERRIERA - TEKFOR
Su0060,TURNO 506 DI SUSA,123,14:10,14:15,FERRIERA - TEKFOR - LUTHER KING - TEKFOR
Su0060,TURNO 506 DI SUSA,274,14:15,15:00,LUTHER KING - TEKFOR - SUSA - stazione FS
Su0060,TURNO 506 DI SUSA,274,15:05,15:20,SUSA - stazione FS - Novalesa
Su0060,TURNO 506 DI SUSA,286,15:20,15:35,Novalesa - SUSA - stazione FS
Su0070,TURNO 507 DI SUSA,286,05:35,05:50,SUSA - stazione FS - Novalesa
Su0070,TURNO 507 DI SUSA,286,05:50,06:05,Novalesa - SUSA - stazione FS
Su0070,TURNO 507 DI SUSA,274,06:05,06:46,SUSA - stazione FS - AVIGLIANA - stazione FS
Su0070,TURNO 507 DI SUSA,274,06:48,07:10,AVIGLIANA - stazione FS - CASCINE VICA
Su0070,TURNO 507 DI SUSA,286,09:50,10:40,BUSSOLENO - stazione FS - OULX - Stazione FS
Su0070,TURNO 507 DI SUSA,285,10:40,11:15,OULX - Stazione FS - CLAVIERE
Su0070,TURNO 507 DI SUSA,285,11:15,11:50,CLAVIERE - OULX - Stazione FS
Su0070,TURNO 507 DI SUSA,286,12:05,12:40,OULX - Stazione FS - SUSA - stazione FS
Su0080,TURNO 508 DI SUSA,274,04:45,05:00,Novalesa - SUSA - stazione FS
Su0080,TURNO 508 DI SUSA,274,05:00,05:45,SUSA - stazione FS - LUTHER KING - TEKFOR
Su0080,TURNO 508 DI SUSA,274,06:15,07:00,LUTHER KING - TEKFOR - SUSA - stazione FS
Su0080,TURNO 508 DI SUSA,274,07:05,07:44,SUSA - stazione FS - AVIGLIANA - stazione FS
Su0080,TURNO 508 DI SUSA,286,13:55,14:15,SUSA - stazione FS - EXILLES
Su0080,TURNO 508 DI SUSA,286,14:45,15:05,EXILLES - SUSA - stazione FS
Su0090,TURNO 509 DI SUSA,274,05:00,05:45,SUSA - stazione FS - LUTHER KING - TEKFOR
Su0090,TURNO 509 DI SUSA,123,05:50,,LUTHER KING - TEKFOR - FERRIERA - TEKFOR
Su0090,TURNO 509 DI SUSA,123,06:10,06:15,FERRIERA - TEKFOR - LUTHER KING - TEKFOR
Su0090,TURNO 509 DI SUSA,274,06:15,07:00,LUTHER KING - TEKFOR - SUSA - stazione FS
Su0090,TURNO 509 DI SUSA,274,07:00,07:15,SUSA - stazione FS - Novalesa
Su0090,TURNO 509 DI SUSA,286,07:15,07:30,Novalesa - SUSA - stazione FS
Su0090,TURNO 509 DI SUSA,286,07:40,00:10,SUSA - stazione FS - MEANA
Su0090,TURNO 509 DI SUSA,286,07:50,00:10,MEANA - SUSA - stazione FS
Su0090,TURNO 509 DI SUSA,286,07:55,08:15,SUSA - stazione FS - EXILLES
Su0090,TURNO 509 DI SUSA,286,08:20,08:40,EXILLES - SUSA - stazione FS
Su0090,TURNO 509 DI SUSA,274,13:05,13:45,SUSA - stazione FS - LUTHER KING - TEKFOR
Su0090,TURNO 509 DI SUSA,274,14:15,15:00,LUTHER KING - TEKFOR - SUSA - stazione FS
Su0100,TURNO 510 DI SUSA,286,13:20,00:10,SUSA - stazione FS - MEANA
Su0100,TURNO 510 DI SUSA,286,13:30,00:10,MEANA - SUSA - stazione FS
Su0100,TURNO 510 DI SUSA,286,14:40,15:15,SUSA - stazione FS - OULX - Stazione FS
Su0100,TURNO 510 DI SUSA,285,15:15,15:50,OULX - Stazione FS - CLAVIERE
Su0100,TURNO 510 DI SUSA,285,15:50,16:25,CLAVIERE - OULX - Stazione FS
Su0100,TURNO 510 DI SUSA,286,16:45,17:35,OULX - Stazione FS - BUSSOLENO - stazione FS
Su0100,TURNO 510 DI SUSA,905,17:55,18:05,SUSA - stazione FS - BUSSOLENO - stazione FS
Su0100,TURNO 510 DI SUSA,905,18:10,18:20,BUSSOLENO - stazione FS - Susa Stazions F.S.
To0100,Torino-Ivrea - Torino-Caselle,265,15:36,16:37,TORINO - Autostazione c.so Bolzano - IVREA - loc Banchette
To0100,Torino-Ivrea - Torino-Caselle,265,16:39,16:44,IVREA - loc Banchette - IVREA - Porta Vercelli
To0100,Torino-Ivrea - Torino-Caselle,265,16:55,18:06,IVREA - Porta Vercelli - TORINO - Autostazione c.so Bolzano
To0100,Torino-Ivrea - Torino-Caselle,119,20:45,21:00,TO - Via Botticelli-Piazza Rebaudengo - TO - Corso Belgio
To0100,Torino-Ivrea - Torino-Caselle,277,21:00,22:00,TO - Corso Belgio - AIRASCA - stabilimento SKF
To0100,Torino-Ivrea - Torino-Caselle,277,22:30,23:15,AIRASCA - stabilimento SKF - TO - c.so Francia/via Pasteur
To0100,Torino-Ivrea - Torino-Caselle,119,23:15,23:31,TO - c.so Francia/via Pasteur - CollegnoCorso Francia ang XXIV Maggio
To0130,TORINO-IVREA-TORINO,268,14:30,15:07,TO - piazza Carlo Felice - CASELLE Aeroporto
To0130,TORINO-IVREA-TORINO,268,15:30,16:15,CASELLE Aeroporto - TO - piazza Carlo Felice
To0130,TORINO-IVREA-TORINO,265,17:16,18:17,TORINO - Autostazione c.so Bolzano - IVREA - loc Banchette
To0130,TORINO-IVREA-TORINO,265,18:19,18:24,IVREA - loc Banchette - IVREA - Porta Vercelli
To0130,TORINO-IVREA-TORINO,265,18:30,18:39,IVREA - Porta Vercelli - IVREA - loc Banchette
To0130,TORINO-IVREA-TORINO,265,18:41,19:36,IVREA - loc Banchette - TORINO - Autostazione c.so Bolzano
To0130,TORINO-IVREA-TORINO,268,21:00,21:37,TO - piazza Carlo Felice - CASELLE Aeroporto
To0130,TORINO-IVREA-TORINO,268,22:00,22:39,CASELLE Aeroporto - TO - piazza Carlo Felice
To0240,TORINO - IVREA - CARIGNANO,265,06:23,07:32,TORINO - Autostazione c.so Bolzano - IVREA - c.so Vercelli
To0240,TORINO - IVREA - CARIGNANO,265,07:40,07:51,IVREA - Porta Vercelli - IVREA - loc Banchette
To0240,TORINO - IVREA - CARIGNANO,265,07:53,08:56,IVREA - loc Banchette - TORINO - Autostazione c.so Bolzano
To0240,TORINO - IVREA - CARIGNANO,275,10:41,11:44,TORINO - Autostazione c.so Bolzano - PINEROLO - movicentro
To0240,TORINO - IVREA - CARIGNANO,284,13:10,13:55,PEROSA ARG.-Pzza Terzo Alpini - AIRASCA - stabilimento SKF
To0260,TORINO-CASELLE-TORINO,268,04:45,05:30,TO - piazza Carlo Felice - CASELLE Aeroporto
To0260,TORINO-CASELLE-TORINO,268,06:10,06:55,CASELLE Aeroporto - TO - piazza Carlo Felice
To0260,TORINO-CASELLE-TORINO,268,07:15,08:00,TO - piazza Carlo Felice - CASELLE Aeroporto
To0260,TORINO-CASELLE-TORINO,268,08:15,09:00,CASELLE Aeroporto - TO - piazza Carlo Felice
To0260,TORINO-CASELLE-TORINO,268,09:15,10:00,TO - piazza Carlo Felice - CASELLE Aeroporto
To0260,TORINO-CASELLE-TORINO,268,10:15,10:54,CASELLE Aeroporto - TO - piazza Carlo Felice
To0270,TORINO-CASELLE-TORINO,268,05:15,06:00,TO - piazza Carlo Felice - CASELLE Aeroporto
To0270,TORINO-CASELLE-TORINO,268,06:30,07:15,CASELLE Aeroporto - TO - piazza Carlo Felice
To0270,TORINO-CASELLE-TORINO,268,07:30,08:07,TO - piazza Carlo Felice - CASELLE Aeroporto
To0270,TORINO-CASELLE-TORINO,268,08:30,09:15,CASELLE Aeroporto - TO - piazza Carlo Felice
To0270,TORINO-CASELLE-TORINO,268,09:30,10:07,TO - piazza Carlo Felice - CASELLE Aeroporto
To0270,TORINO-CASELLE-TORINO,268,10:30,11:15,CASELLE Aeroporto - TO - piazza Carlo Felice
To0280,TORINO-CASELLE-TORINO,268,05:45,06:30,TO - piazza Carlo Felice - CASELLE Aeroporto
To0280,TORINO-CASELLE-TORINO,268,07:25,08:10,CASELLE Aeroporto - TO - piazza Carlo Felice
To0280,TORINO-CASELLE-TORINO,268,08:30,09:07,TO - piazza Carlo Felice - CASELLE Aeroporto
To0280,TORINO-CASELLE-TORINO,268,09:30,10:15,CASELLE Aeroporto - TO - piazza Carlo Felice
To0280,TORINO-CASELLE-TORINO,268,10:30,11:07,TO - piazza Carlo Felice - CASELLE Aeroporto
To0280,TORINO-CASELLE-TORINO,268,11:30,12:15,CASELLE Aeroporto - TO - piazza Carlo Felice
To0290,TORINO-CASELLE-TORINO,268,06:30,07:15,TO - piazza Carlo Felice - CASELLE Aeroporto
To0290,TORINO-CASELLE-TORINO,268,07:45,08:30,CASELLE Aeroporto - TO - piazza Carlo Felice
To0290,TORINO-CASELLE-TORINO,268,09:00,09:37,TO - piazza Carlo Felice - CASELLE Aeroporto
To0290,TORINO-CASELLE-TORINO,268,10:00,10:45,CASELLE Aeroporto - TO - piazza Carlo Felice
To0290,TORINO-CASELLE-TORINO,268,11:30,12:07,TO - piazza Carlo Felice - CASELLE Aeroporto
To0290,TORINO-CASELLE-TORINO,268,12:30,13:15,CASELLE Aeroporto - TO - piazza Carlo Felice
To0300,TORINO-CASELLE-TORINO,268,07:00,07:37,TO - piazza Carlo Felice - CASELLE Aeroporto
To0300,TORINO-CASELLE-TORINO,268,08:00,08:45,CASELLE Aeroporto - TO - piazza Carlo Felice
To0300,TORINO-CASELLE-TORINO,268,10:00,10:37,TO - piazza Carlo Felice - CASELLE Aeroporto
To0300,TORINO-CASELLE-TORINO,268,11:00,11:45,CASELLE Aeroporto - TO - piazza Carlo Felice
To0300,TORINO-CASELLE-TORINO,268,12:15,13:00,TO - piazza Carlo Felice - CASELLE Aeroporto
To0300,TORINO-CASELLE-TORINO,268,13:15,13:54,CASELLE Aeroporto - TO - piazza Carlo Felice
To0305,TORINO-CASELLE-TORINO,268,08:00,08:37,TO - piazza Carlo Felice - CASELLE Aeroporto
To0305,TORINO-CASELLE-TORINO,268,09:00,09:45,CASELLE Aeroporto - TO - piazza Carlo Felice
To0305,TORINO-CASELLE-TORINO,268,11:00,11:37,TO - piazza Carlo Felice - CASELLE Aeroporto
To0305,TORINO-CASELLE-TORINO,268,12:00,12:45,CASELLE Aeroporto - TO - piazza Carlo Felice
To0305,TORINO-CASELLE-TORINO,268,13:00,13:37,TO - piazza Carlo Felice - CASELLE Aeroporto
To0305,TORINO-CASELLE-TORINO,268,13:45,14:24,CASELLE Aeroporto - TO - piazza Carlo Felice
To0310,TORINO-CASELLE-TORINO,268,12:00,12:37,TO - piazza Carlo Felice - CASELLE Aeroporto
To0310,TORINO-CASELLE-TORINO,268,13:00,13:45,CASELLE Aeroporto - TO - piazza Carlo Felice
To0310,TORINO-CASELLE-TORINO,268,14:00,14:37,TO - piazza Carlo Felice - CASELLE Aeroporto
To0310,TORINO-CASELLE-TORINO,268,15:00,15:45,CASELLE Aeroporto - TO - piazza Carlo Felice
To0310,TORINO-CASELLE-TORINO,268,16:00,16:37,TO - piazza Carlo Felice - CASELLE Aeroporto
To0310,TORINO-CASELLE-TORINO,268,17:00,17:45,CASELLE Aeroporto - TO - piazza Carlo Felice
To0320,TORINO-CASELLE-TORINO,268,13:15,14:00,TO - piazza Carlo Felice - CASELLE Aeroporto
To0320,TORINO-CASELLE-TORINO,268,14:15,14:54,CASELLE Aeroporto - TO - piazza Carlo Felice
To0320,TORINO-CASELLE-TORINO,268,15:15,16:00,TO - piazza Carlo Felice - CASELLE Aeroporto
To0320,TORINO-CASELLE-TORINO,268,16:15,16:54,CASELLE Aeroporto - TO - piazza Carlo Felice
To0320,TORINO-CASELLE-TORINO,268,17:30,18:15,TO - piazza Carlo Felice - CASELLE Aeroporto
To0320,TORINO-CASELLE-TORINO,268,18:30,19:15,CASELLE Aeroporto - TO - piazza Carlo Felice
To0330,TORINO-CASELLE-TORINO,268,13:30,14:15,TO - piazza Carlo Felice - CASELLE Aeroporto
To0330,TORINO-CASELLE-TORINO,268,14:30,15:15,CASELLE Aeroporto - TO - piazza Carlo Felice
To0330,TORINO-CASELLE-TORINO,268,15:30,16:07,TO - piazza Carlo Felice - CASELLE Aeroporto
To0330,TORINO-CASELLE-TORINO,268,16:30,17:15,CASELLE Aeroporto - TO - piazza Carlo Felice
To0330,TORINO-CASELLE-TORINO,268,18:00,18:45,TO - piazza Carlo Felice - CASELLE Aeroporto
To0330,TORINO-CASELLE-TORINO,268,19:40,20:25,CASELLE Aeroporto - TO - piazza Carlo Felice
To0340,TORINO-CASELLE-TORINO,268,16:15,17:00,TO - piazza Carlo Felice - CASELLE Aeroporto
To0340,TORINO-CASELLE-TORINO,268,17:30,18:15,CASELLE Aeroporto - TO - piazza Carlo Felice
To0340,TORINO-CASELLE-TORINO,268,18:30,19:15,TO - piazza Carlo Felice - CASELLE Aeroporto
To0340,TORINO-CASELLE-TORINO,268,20:30,21:15,CASELLE Aeroporto - TO - piazza Carlo Felice
To0340,TORINO-CASELLE-TORINO,268,21:30,22:15,TO - piazza Carlo Felice - CASELLE Aeroporto
To0340,TORINO-CASELLE-TORINO,268,23:00,23:39,CASELLE Aeroporto - TO - piazza Carlo Felice
To0350,TORINO-CASELLE-TORINO,268,16:45,17:30,TO - piazza Carlo Felice - CASELLE Aeroporto
To0350,TORINO-CASELLE-TORINO,268,17:45,18:24,CASELLE Aeroporto - TO - piazza Carlo Felice
To0350,TORINO-CASELLE-TORINO,268,18:45,19:30,TO - piazza Carlo Felice - CASELLE Aeroporto
To0350,TORINO-CASELLE-TORINO,268,20:00,20:39,CASELLE Aeroporto - TO - piazza Carlo Felice
To0350,TORINO-CASELLE-TORINO,268,22:30,23:15,TO - piazza Carlo Felice - CASELLE Aeroporto
To0350,TORINO-CASELLE-TORINO,268,23:30,00:15,CASELLE Aeroporto - TO - piazza Carlo Felice
To0360,TORINO-CASELLE-TORINO,268,00:00,00:45,CASELLE Aeroporto - TO - piazza Carlo Felice
To0360,TORINO-CASELLE-TORINO,268,17:15,18:00,TO - piazza Carlo Felice - CASELLE Aeroporto
To0360,TORINO-CASELLE-TORINO,268,18:15,18:54,CASELLE Aeroporto - TO - piazza Carlo Felice
To0360,TORINO-CASELLE-TORINO,268,19:20,20:05,TO - piazza Carlo Felice - CASELLE Aeroporto
To0360,TORINO-CASELLE-TORINO,268,21:30,22:15,CASELLE Aeroporto - TO - piazza Carlo Felice
To0360,TORINO-CASELLE-TORINO,268,23:00,23:37,TO - piazza Carlo Felice - CASELLE Aeroporto
To0600,TURNO 600 DI TORINO,119,04:40,05:09,TO - Viale dei Mughetti - TO - Cso Vittorio 169-Via Cesana
To0600,TURNO 600 DI TORINO,277,05:09,05:50,TO - Cso Vittorio 169-Via Cesana - AIRASCA - stabilimento SKF
To0600,TURNO 600 DI TORINO,277,06:30,07:19,AIRASCA - stabilimento SKF - TO - Via Napione - Corso Regina Margheri
To0600,TURNO 600 DI TORINO,119,07:24,00:05,TO - Via Napione - Corso Regina Margheri - TO - Via Botticelli-Piazza Rebaudengo
To0610,TURNO 610 DI TORINO,119,06:47,07:10,Via Oxilia-Cso Giulio Cesare - TO - Via De Sanctis-Via Chambery
To0610,TURNO 610 DI TORINO,277,07:10,08:10,TO - Via De Sanctis-Via Chambery - AIRASCA - stabilimento SKF
To0610,TURNO 610 DI TORINO,119,12:45,13:01,COL - Cso Francia - Via Costa - TO - cso Francia/via Rieti
To0610,TURNO 610 DI TORINO,277,13:01,13:55,TO - cso Francia/via Rieti - AIRASCA - stabilimento SKF
To0610,TURNO 610 DI TORINO,277,14:30,15:20,AIRASCA - stabilimento SKF - TO - Cso Vittorio 168-Via Saffi
To0610,TURNO 610 DI TORINO,119,15:20,15:50,TO - Cso Vittorio 168-Via Saffi - TO - Viale dei Mughetti
To0620,TURNO 620 DI TORINO,266,06:55,07:59,TORINO - c.so Maroncelli 34 - RONDISSONE - p.za Roma
To0620,TURNO 620 DI TORINO,266,08:01,08:20,RONDISSONE - p.za Roma - SALUGGIA - LivaNova
To0620,TURNO 620 DI TORINO,277,13:05,13:55,Beinasco (Banca SanPaolo) - AIRASCA - stabilimento SKF
To0620,TURNO 620 DI TORINO,277,14:30,15:13,AIRASCA - stabilimento SKF - Beinasco (Banca SanPaolo)
To0640,TURNO 640 DI TORINO,275,17:41,18:44,TORINO - Autostazione c.so Bolzano - PINEROLO - movicentro
To0640,TURNO 640 DI TORINO,275,18:48,19:20,PINEROLO - movicentro - PEROSA ARG.-Pzza Terzo Alpini
To0640,TURNO 640 DI TORINO,275,19:20,19:50,PEROSA ARG.-Pzza Terzo Alpini - FENESTRELLE - Via Nazionale
To0640,TURNO 640 DI TORINO,275,21:10,21:50,FENESTRELLE - Via Nazionale - VIL - Boge
To0640,TURNO 640 DI TORINO,277,22:30,23:14,AIRASCA - stabilimento SKF - TO - Cso Vittorio 168-Via Saffi
To0640,TURNO 640 DI TORINO,119,23:14,23:44,TO - Cso Vittorio 168-Via Saffi - TO - Viale dei Mughetti
To0660,TURNO 660 DI TORINO,275,16:31,17:44,TORINO - Autostazione c.so Bolzano - PINEROLO - movicentro
To0660,TURNO 660 DI TORINO,282,17:46,18:57,PINEROLO - movicentro - TORINO - Autostazione c.so Bolzano
To0660,TURNO 660 DI TORINO,121,22:15,22:35,MOPAR FCA - RIVALTA Via Primo Maggio C11 - FCA-MOPAR (L.go Sen. Agnelli)
To0660,TURNO 660 DI TORINO,277,22:35,23:25,FCA-MOPAR (L.go Sen. Agnelli) - TO - Via Accademia Albertina
To0660,TURNO 660 DI TORINO,121,23:25,23:38,TO - Via Accademia Albertina 35 - TO - Lungo Dora Firenze
To0670,TURNO 670 DI TORINO,282,15:03,16:20,TORINO - Autostazione c.so Bolzano - PINEROLO - Piazza Cavour
To0670,TURNO 670 DI TORINO,282,17:22,18:15,None - Stab. Streglio - TORINO - Autostazione c.so Bolzano
To0670,TURNO 670 DI TORINO,282,19:03,20:14,TORINO - Autostazione c.so Bolzano - PINEROLO - movicentro
To0670,TURNO 670 DI TORINO,275,21:16,22:19,PINEROLO - movicentro - TORINO - Autostazione c.so Bolzano
To0680,TURNO 680 DI TORINO,282,17:03,18:14,TORINO - Autostazione c.so Bolzano - PINEROLO - movicentro
To0680,TURNO 680 DI TORINO,275,18:16,19:19,PINEROLO - movicentro - TORINO - Autostazione c.so Bolzano
To0680,TURNO 680 DI TORINO,119,20:38,20:50,TO - Corso Toscana-Via Borgaro - TO - Corso Francia-Via Pozzo Strada
To0680,TURNO 680 DI TORINO,277,20:50,22:00,TO - Corso Francia-Via Pozzo Strada - AIRASCA - stabilimento SKF
To0680,TURNO 680 DI TORINO,277,22:30,23:33,AIRASCA - stabilimento SKF - TO - Via Napione - Corso Regina Margheri
To0680,TURNO 680 DI TORINO,119,23:33,23:55,TO - Via Napione - Corso Regina Margheri - TO - Corso Vercelli
To0700,TURNO 700 DI TORINO,119,06:35,06:59,TO - Via Cravero - TO - Cso Ferrucci-Via Cialdini
To0700,TURNO 700 DI TORINO,277,06:59,08:10,TO - Cso Ferrucci-Via Cialdini - AIRASCA - stabilimento SKF
To0700,TURNO 700 DI TORINO,284,08:15,08:40,AIRASCA - stabilimento SKF - PINEROLO - Piazza Cavour
To0700,TURNO 700 DI TORINO,282,08:46,09:57,PINEROLO - movicentro - TORINO - Autostazione c.so Bolzano
To0700,TURNO 700 DI TORINO,268,12:30,13:07,TO - piazza Carlo Felice - CASELLE Aeroporto
To0700,TURNO 700 DI TORINO,268,13:30,14:15,CASELLE Aeroporto - TO - piazza Carlo Felice
To0710,TURNO 710 DI TORINO,277,05:10,05:55,Beinasco (Banca SanPaolo) - AIRASCA - stabilimento SKF
To0710,TURNO 710 DI TORINO,275,07:06,08:09,PINEROLO - movicentro - TORINO - Autostazione c.so Bolzano
To0710,TURNO 710 DI TORINO,119,12:30,12:59,TO - Viale dei Mughetti - TO - Cso Vittorio 169-Via Cesana
To0710,TURNO 710 DI TORINO,277,12:59,13:55,TO - Cso Vittorio 169-Via Cesana - AIRASCA - stabilimento SKF
To0710,TURNO 710 DI TORINO,277,14:30,15:24,AIRASCA - stabilimento SKF - TO - c.so Francia/via Pasteur
To0710,TURNO 710 DI TORINO,119,15:24,15:40,TO - c.so Francia/via Pasteur - CollegnoCorso Francia ang XXIV Maggio
To0720,TURNO 720 DI TORINO,119,04:30,04:52,TO - Corso Vercelli-Via Cuorgnè - TO - Corso Belgio
To0720,TURNO 720 DI TORINO,277,04:52,05:55,TO - Corso Belgio - AIRASCA - stabilimento SKF
To0720,TURNO 720 DI TORINO,275,06:18,06:50,PINEROLO - movicentro - PEROSA ARG.-Pzza Terzo Alpini
To0720,TURNO 720 DI TORINO,275,07:00,07:23,PEROSA ARG.-Pzza Terzo Alpini - PIN - Via Giustetto-Via Polliotti
To0720,TURNO 720 DI TORINO,275,07:25,08:28,PIN - Via Giustetto-Via Polliotti - TORINO - Autostazione c.so Bolzano
To0720,TURNO 720 DI TORINO,268,09:45,10:30,TO - piazza Carlo Felice - CASELLE Aeroporto
To0720,TURNO 720 DI TORINO,268,10:45,11:24,CASELLE Aeroporto - TO - piazza Carlo Felice
To0740,TURNO 740 DI TORINO,121,12:11,12:25,TO - Lungo Dora Firenze - TO - via Accademia Albertina
To0740,TURNO 740 DI TORINO,277,12:25,13:25,TO - via Accademia Albertina 42 - FCA-MOPAR (L.go Sen. Agnelli)
To0740,TURNO 740 DI TORINO,121,13:25,13:45,FCA-MOPAR (L.go Sen. Agnelli) - MOPAR FCA - RIVALTA Via Primo Maggio C8
To0740,TURNO 740 DI TORINO,121,14:15,14:35,MOPAR FCA - RIVALTA Via Primo Maggio C11 - FCA-MOPAR (L.go Sen. Agnelli)
To0740,TURNO 740 DI TORINO,277,14:35,15:35,FCA-MOPAR (L.go Sen. Agnelli) - TO - Via Accademia Albertina
To0740,TURNO 740 DI TORINO,121,15:35,15:48,TO - Via Accademia Albertina 35 - TO - Lungo Dora Firenze
To0740,TURNO 740 DI TORINO,266,17:05,17:19,SALUGGIA - LivaNova - RONDISSONE - p.zza Roma
To0740,TURNO 740 DI TORINO,266,17:21,18:25,RONDISSONE - p.zza Roma - TO - Pzza Bengasi-Scuola Re Umberto
To0760,TURNO 760 DI TORINO,119,05:00,00:10,COL - Cso Francia - Via Costa - TO - cso Francia/via Rieti
To0760,TURNO 760 DI TORINO,277,05:00,05:55,TO - cso Francia/via Rieti - AIRASCA - stabilimento SKF
To0760,TURNO 760 DI TORINO,277,06:30,07:31,AIRASCA - stabilimento SKF - TO - Corso Francia-Via Pozzo Strada
To0760,TURNO 760 DI TORINO,119,07:31,07:46,TO - Corso Francia-Via Pozzo Strada - TO - Corso Toscana-Via Borgaro
To0760,TURNO 760 DI TORINO,268,11:15,12:00,TO - piazza Carlo Felice - CASELLE Aeroporto
To0760,TURNO 760 DI TORINO,268,12:15,12:54,CASELLE Aeroporto - TO - piazza Carlo Felice
To1040,TURNO 40 TORINO - AOSTA,60,14:55,17:00,TO-c.so V.Eman. II - Porta Nuova - AOSTA - Autostazione
To1040,TURNO 40 TORINO - AOSTA,60,18:30,20:35,AOSTA - Autostazione - TO-c.so V.Eman. II-Porta Nuova
To2010,TORINO-MALPENSA,20,05:30,07:30,TORINO - Autostazione c.so Bolzano - MALPENSA NORD (Terminal 2)
To2010,TORINO-MALPENSA,20,10:00,12:00,MALPENSA OVEST (Terminal 1) - TORINO - Autostazione c.so Bolzano
To2020,TORINO-MALPENSA,20,07:00,09:00,TORINO - Autostazione c.so Bolzano - MALPENSA NORD (Terminal 2)
To2020,TORINO-MALPENSA,20,11:00,13:00,MALPENSA OVEST (Terminal 1) - TORINO - Autostazione c.so Bolzano
To2030,TORINO-MALPENSA,20,08:00,10:00,TORINO - Autostazione c.so Bolzano - MALPENSA NORD (Terminal 2)
To2030,TORINO-MALPENSA,20,12:00,14:00,MALPENSA OVEST (Terminal 1) - TORINO - Autostazione c.so Bolzano
To2040,TORINO-MALPENSA,20,09:00,11:00,TORINO - Autostazione c.so Bolzano - MALPENSA NORD (Terminal 2)
To2040,TORINO-MALPENSA,20,13:00,15:00,MALPENSA OVEST (Terminal 1) - TORINO - Autostazione c.so Bolzano
To2050,TORINO-MALPENSA,267,07:38,08:08,PIOBESI T.SE-v.Torino 41-Capol - TORINO - Cso Unione Sovietica
To2050,TORINO-MALPENSA,20,10:00,12:00,TORINO - Autostazione c.so Bolzano - MALPENSA NORD (Terminal 2)
To2050,TORINO-MALPENSA,20,15:15,17:15,MALPENSA OVEST (Terminal 1) - TORINO - Autostazione c.so Bolzano
To2060,TORINO-MALPENSA,20,13:00,15:00,TORINO - Autostazione c.so Bolzano - MALPENSA NORD (Terminal 2)
To2060,TORINO-MALPENSA,20,17:30,19:30,MALPENSA OVEST (Terminal 1) - TORINO - Autostazione c.so Bolzano
To2070,TORINO-MALPENSA,20,14:00,16:00,TORINO - Autostazione c.so Bolzano - MALPENSA NORD (Terminal 2)
To2070,TORINO-MALPENSA,20,18:30,20:30,MALPENSA OVEST (Terminal 1) - TORINO - Autostazione c.so Bolzano
To2080,TORINO-MALPENSA,20,15:00,17:00,TORINO - Autostazione c.so Bolzano - MALPENSA NORD (Terminal 2)
To2080,TORINO-MALPENSA,20,19:30,21:30,MALPENSA OVEST (Terminal 1) - TORINO - Autostazione c.so Bolzano
To2090,TORINO-MALPENSA,20,16:00,18:00,TORINO - Autostazione c.so Bolzano - MALPENSA NORD (Terminal 2)
To2090,TORINO-MALPENSA,20,20:40,22:40,MALPENSA OVEST (Terminal 1) - TORINO - Autostazione c.so Bolzano
To9260,Grugliasco - Venaria Marelli,119,05:35,06:05,COLLEGNO - Piazzale del Tricolore - AIRASCA - stabilimento SKF
To9260,Grugliasco - Venaria Marelli,119,07:15,07:50,COLLEGNO - Piazzale del Tricolore - AIRASCA - stabilimento SKF
To9260,Grugliasco - Venaria Marelli,119,13:35,14:05,COLLEGNO - Piazzale del Tricolore - AIRASCA - stabilimento SKF
To9260,Grugliasco - Venaria Marelli,119,14:30,15:05,AIRASCA - stabilimento SKF - COLLEGNO - Piazzale del Tricolore
To9270,SKF Pianezza - Airasca,119,17:00,17:35,AIRASCA - stabilimento SKF - COLLEGNO - Piazzale del Tricolore
To9270,SKF Pianezza - Airasca,119,22:30,23:00,AIRASCA - stabilimento SKF - COLLEGNO - Piazzale del Tricolore
Tocomm,Servizio Fattorino Segreteria,121,04:21,04:35,TO - Lungo Dora Firenze - TO - via Accademia Albertina
Tocomm,Servizio Fattorino Segreteria,277,04:35,05:25,TO - via Accademia Albertina 42 - FCA-MOPAR (L.go Sen. Agnelli)
Tocomm,Servizio Fattorino Segreteria,121,05:25,05:45,FCA-MOPAR (L.go Sen. Agnelli) - MOPAR FCA - RIVALTA Via Primo Maggio C8
Tocomm,Servizio Fattorino Segreteria,275,07:16,08:19,PINEROLO - movicentro - TORINO - Autostazione c.so Bolzano