Turno,Scolastico,Non Scolastico,Sabato SCOL,Sabato Non SCOL,Domenica,Festivo Infrasettimanale,Natale,Agosto,Agosto Sabato,Agosto Centrali,AC Sabato,Scolastico,Non Scolastico,Sabato SCOL,Sabato Non SCOL,Domenica,Festivo Infrasettimanale,Natale
To0090,15:06 - 22:00,Non Disponibile,,,,,Riposo Festivo,,,,,Pinerolo - SKF[2+7] - Caselle,Caselle - Pinerolo - FCA[C],,,,,
To0100,15:01 - 23:46,14:56 - 23:56,,,,,Riposo Festivo,,,,,Ivrea - Olivetti - Perosa - SKF[4],Ivrea - Olivetti - SKF[11-4],,,,,
To0130,13:55 - 23:09,13:35 - 23:19,,,,,Riposo Festivo,,,,,Caselle-Ivrea-Caselle,Caselle - Ivrea - Caselle,,,,,
To0240,05:48 - 14:55,05:43 - 15:00,,,,,Riposo Festivo,,,,,Olivetti - Ivrea - Perosa - SKF[14],Olivetti - Ivrea - Perosa - SKF[14],Olivetti - Ivrea - Perosa - SKF[14],Olivetti - Ivrea - Perosa - SKF[14],Olivetti - Ivrea - Perosa - SKF[14],Olivetti - Ivrea - Perosa - SKF[14],
To0260,04:10 - 11:24,04:05 - 11:34,,,,,Riposo Festivo,,,,,Caselle,Caselle,Caselle,Caselle,Caselle,Caselle,
To0270,04:40 - 11:45,04:35- 11:55,,,,,Riposo Festivo,,,,,Caselle,Caselle,Caselle,Caselle,Caselle,Caselle,
To0276,,,04:40 - 11:15,04:35 - 11:25,,,Riposo Festivo,,,,,Caselle,Caselle,Caselle,Caselle,Caselle,Caselle,
To0277,,,,,04:50 - 11:55,04:55 - 11:50,7:25 - 14:15,,,,,Caselle,Caselle,Caselle,Caselle,Caselle,Caselle,
To0280,05:10 - 12:15,05:05 - 12:55,,,,,Riposo Festivo,,,,,Caselle,Caselle,Caselle,Caselle,Caselle,Caselle,
To0286,,,05:10 - 11:45,05:05 - 11:55,,,Riposo Festivo,,,,,Caselle,Caselle,Caselle,Caselle,Caselle,Caselle,
To0287,,,,,05:35 - 12:55,05:40 - 12:50,Riposo Festivo,,,,,Caselle,Caselle,Caselle,Caselle,Caselle,Caselle,
To0290,05:40 - 12:45,05:50 - 13:55,,,,,Riposo Festivo,,,,,Caselle,Caselle,Caselle,Caselle,Caselle,Caselle,
To0295,05:55 - 13:50,Non Disponibile,,,,,Riposo Festivo,,,,,Caselle,Caselle,Caselle,Caselle,Caselle,Caselle,
To0297,,,,,06:20 - 13:25,06:25 - 13:20,Riposo Festivo,,,,,Caselle,Caselle,Caselle,Caselle,Caselle,Caselle,Caselle
To0300,06:10 - 14:24,06:20 - 14:34,,,,,Riposo Festivo,,,,,Caselle,Caselle,Caselle,Caselle,Caselle,Caselle,
To0305,06:25 - 14:54,07:20 - 15:04,,,,,Riposo Festivo,,,,,Caselle,Caselle,Caselle,Caselle,Caselle,Caselle,
To0306,,,05:55 - 12:45,05:50 - 12:55,,,Riposo Festivo,,,,,Caselle,Caselle,Caselle,Caselle,Caselle,Caselle,
To0307,,,,,10:35 - 17:55,10:50 - 17:50,15:25 - 22:15,,,,,Caselle,Caselle,Caselle,Caselle,Caselle,Caselle,Caselle
To0310,11:15 - 18:15,11:20 - 18:25,,,,,Riposo Festivo,,,,,Caselle,Caselle,Caselle,Caselle,Caselle,Caselle,
To0317,,,,,11:20 - 19:25,11:25 - 19:20,Riposo Festivo,,,,,Caselle,Caselle,Caselle,Caselle,Caselle,Caselle,
To0320,12:25 - 20:55,12:35 - 19:55,,,,,Riposo Festivo,,,,,Caselle,Caselle,Caselle,Caselle,Caselle,Caselle,
To0327,,,,,11:35 - 18:55,11:50 - 18:50,Riposo Festivo,,,,,Caselle,Caselle,Caselle,Caselle,Caselle,Caselle,
To0330,12:50 - 19:45,12:35 - 21:05,,,,,Riposo Festivo,,,,,Caselle,Caselle,Caselle,Caselle,Caselle,Caselle,
To0336,,,10:45 - 17:45,10:35 - 17:55,,,Riposo Festivo,,,,,Caselle,Caselle,Caselle,Caselle,Caselle,Caselle,
To0337,,,,,16:35 - 23:55,16:45 - 23:50,Riposo Festivo,,,,,Caselle,Caselle,Caselle,Caselle,Caselle,Caselle,
To0340,15:40 - 00:09,15:35 - 00:19,,,,,Riposo Festivo,,,,,Caselle,Caselle,Caselle,Caselle,Caselle,Caselle,
To0346,,,11:45 - 18:45,11:35 - 18:55,,,Riposo Festivo,,,,,Caselle,Caselle,Caselle,Caselle,Caselle,Caselle,
To0347,,,,,17:35 - 01:10,17:45 - 01:00,Riposo Festivo,,,,,Caselle,Caselle,Caselle,Caselle,Caselle,Caselle,
To0350,16:10 - 00:45,16:05 - 00:55,,,,,Riposo Festivo,,,,,Caselle,Caselle,Caselle,Caselle,Caselle,Caselle,
To0357,,,,,15:20 - 22:25,15:25 - 22:20,Riposo Festivo,,,,,Caselle,Caselle,Caselle,Caselle,Caselle,Caselle,
To0360,16:40 - 01:15,16:40 - 01:15,,,,,Riposo Festivo,,,,,Caselle,Caselle,Caselle,Caselle,Caselle,Caselle,
To0376,,,16:45 - 23:45,16:35 - 23:55,,,Riposo Festivo,,,,,Caselle,Caselle,Caselle,Caselle,Caselle,Caselle,
To0380,,Non Disponibile,,,,,Riposo Festivo,17:45 - 00:45,,,,Caselle,Caselle,Caselle,Caselle,Caselle,Caselle,
To0386,,,17:45 - 01:00,17:35 - 01:10,,,Riposo Festivo,17:15 - 01:00,,,,Caselle,Caselle,Caselle,Caselle,Caselle,Caselle,
To0410,,Non Disponibile,,,,,Riposo Festivo,18:45 - 01:45,,,,Caselle,Caselle,Caselle,Caselle,Caselle,Caselle,
To0440,12:50 - 19:15,Non Disponibile,,,,,,,,,,Caselle/universita',Caselle,Caselle,Caselle,Caselle,Caselle,
To0600,04:10 - 10:51,04:00 - 10:50,,,06:35 - 15:29,06:40 - 15:19,Riposo Festivo,,,,,SKF[3-11] - Universita',SKF[3-11] - Caselle,SKF[3-11] - Caselle,SKF[3-11] - Caselle,Perosa - Pinerolo ,Perosa - Pinerolo ,
To0610,06:12 - 16:20,06:07 - 16:30,,,08:35 - 18:55,08:40 - 15:19,Riposo Festivo,,,,,SKF[6+8] -  SKF[4-3],SKF[6+8] -  SKF[4-3],,,Perosa - Pinerolo ,Perosa - Pinerolo ,
To0620,06:20 - 15:28,06:15 - 15:38,,,,,Riposo Festivo,,,,,Saluggia - SKF[5-5],Saluggia - SKF[5-5],FCA(C) - Saluggia,FCA(C) - Saluggia,FCA(C) - Saluggia,FCA(C) - Saluggia,
To0640,17:06 - 00:14,17:01 - 00:24,,,,,Riposo Festivo,,,,,Fenestrelle - SKF[3],Fenestrelle - SKF[3],,,Fenestrelle - SKF(3),Fenestrelle - SKF(3),
To0650,14:28 - 23:23,Non Disponibile,,,,,Riposo Festivo,,,,,Pinerolo - SKF[6+8][11-5],Pinerolo - SKF[2+7] - SKF[5],,,Pinerolo - SKF[6+8-11-5],Pinerolo - SKF[6+8-11-5],
To0660,15:56 - 00:08,15:51 - 00:18,,,,,Riposo Festivo,,,,,Perosa - FCA[D],Pinerolo - SKF [9+10-1+2],,,Perosa - SKF(4),Perosa - SKF(4),
To0670,13:55 - 22:49,14:23 - 22:59,,,,,Riposo Festivo,,,,,SKF[1+2] - Perosa,Pinerolo,,,SKF[1+2] - Perosa,SKF[1+2] - Perosa,
To0680,16:28 - 00:25,16:23 - 00:35,,,,,Riposo Festivo,,,,,Pinerolo - SKF[9+10-1+2],FCA[C-C] - Pinerolo,,,Pinerolo - SKF[9+10-1+2],Pinerolo - SKF[9+10-1+2],
To0690,,,03:50 - 16:18,03:41 - 16:28,,,,,,,,,,,,,,
To0700,6:00 - 14:45,05:45 - 14:55,,,,,Riposo Festivo,03:46 - 12:49,,,,SKF[2+7] - Pinerolo - Caselle,SKF [5] - Pinerolo - Caselle,,,SKF[2+7] - Pinerolo - Caselle,SKF[2+7] - Pinerolo - Caselle,
To0710,04:50 - 15:55,04:45 - 16:05,,,,,Riposo Festivo,,,,,SKF[5] - Pinerolo - SKF[3-4],Pinerolo - SKF [3-4],,,SKF[5] - Pinerolo - SKF[3-4],SKF[5] - Pinerolo - SKF[3-4],
To0720,03:50 - 11:00,03:45 - 12:04,,,,,Riposo Festivo,,,,,SKF[1+2] - Perosa - To Dir,SKF[1+2-9+10] - Caselle,,,SKF[1+2-9+10-5-5],SKF[1+2-9+10-5-5],
To0740,11:36 - 18:55,11:31 - 19:05,,,,,Riposo Festivo,,,,,FCA[D-D] - Saluggia,FCA[D-D] - Saluggia,,,FCA[D-D] - Saluggia,FCA[D-D] - Saluggia,
To0760,04:15 - 13:24,04:10 - 13:55,,,,,Riposo Festivo,,,,,SKF[4-9+10] - Caselle,SKF[4] - Perosa - Caselle,,,SKF[4] - Perosa - Caselle,SKF[4] - Perosa - Caselle,
To0810,,Non Disponibile,,,,,Riposo Festivo,,,,,,SKF [2+7] - Pinerolo - SKF [5-5],,,,,
To0900,,,06:15 - 17:49,07:44 - 17:59,,,Riposo Festivo,,,,,,,Piobesi - Perosa,Piobesi - Perosa,,,
To0930,,,06:06 - 15:49,06:01 - 15:59,,,Riposo Festivo,,,,,,,Perosa,Perosa,,,
To0990,,,,,14:35 - 00:40,14:40 - 23:50,Riposo Festivo,,,,,,,,,Pinerolo - Caselle,Pinerolo - Caselle,
To1040,14:15 - 21:15,14:15 - 21:15,14:15 - 21:15,14:15 - 21:15,14:10 - 21:15,14:10 - 21:15,Riposo Festivo,14:20 - 21.05,14:20 - 21.05,14:20 - 21.05,14:20 - 21.05,Aosta,Aosta,Aosta,Aosta,Aosta,Aosta,
To2010,04:35 - 13:00,04:35 - 13:00,04:35 - 13:00,04:35 - 13:00,04:35 - 13:00,04:35 - 13:00,Riposo Festivo,04:45 - 12:50,05:15 - 12:00,05:15 - 12:00,05:15 - 12:00,Malpensa,Malpensa,Malpensa,Malpensa,Malpensa,Malpensa,
To2020,06:05 - 14:02,06:05 - 14:02,06:05 - 14:02,06:05 - 14:02,06:05 - 14:02,06:05 - 14:02,Riposo Festivo,06:15 - 13:52,06:15 - 14:00,06:15 - 14:00,06:15 - 14:00,Malpensa,Malpensa,Malpensa,Malpensa,Malpensa,Malpensa,
To2030,07:05 - 15:02,07:05 - 15:02,07:05 - 15:02,07:05 - 15:02,07:05 - 15:02,07:05 - 15:02,Riposo Festivo,07:15 - 14:52,07:15 - 14:55,07:15 - 14:55,07:15 - 14:55,Malpensa,Malpensa,Malpensa,Malpensa,Malpensa,Malpensa,
To2040,08:05 - 16:00,08:05 - 16:00,08:05 - 16:00,08:05 - 16:00,08:05 - 16:00,08:05 - 16:00,Riposo Festivo,08:15 - 15:50,08:15 - 16:50,08:15 - 16:50,08:15 - 16:50,Malpensa,Malpensa,Malpensa,Malpensa,Malpensa,Malpensa,
To2050,06:29 - 17:55,06:58 - 17:55,09:05 - 17:55,09:05 - 17:55,09:05 - 17:55,09:05 - 17:55,Riposo Festivo,09:15 - 17:45,09:15 - 17:45,09:15 - 17:45,09:15 - 17:45,Malpensa,Malpensa,Malpensa,Malpensa,Malpensa,Malpensa,
To2060,11:40 - 20:10,11:40 - 20:10,11:40 - 20:10,11:40 - 20:10,11:40 - 20:10,11:40 - 20:10,Riposo Festivo,11:50 - 20:00,11:50 - 20:00,11:50 - 20:00,11:50 - 20:00,Malpensa,Malpensa,Malpensa,Malpensa,Malpensa,Malpensa,
To2070,12:42 - 21:10,12:42 - 21:10,12:42 - 21:10,12:42 - 21:10,12:42 - 21:10,12:42 - 21:10,Riposo Festivo,12:52 - 21:00,12:52 - 21:00,12:52 - 21:00,12:52 - 21:00,Malpensa,Malpensa,Malpensa,Malpensa,Malpensa,Malpensa,
To2080,13:42 - 22:10,13:42 - 22:10,13:42 - 22:10,13:42 - 22:10,13:42 - 22:10,13:42 - 22:10,Riposo Festivo,13:52 - 22:00,13:52 - 22:00,13:52 - 22:00,13:52 - 22:00,Malpensa,Malpensa,Malpensa,Malpensa,Malpensa,Malpensa,
To2090,14:40 - 23:20,14:40 - 23:20,14:40 - 23:20,14:40 - 23:20,14:40 - 23:20,14:40 - 23:20,Riposo Festivo,14:50 - 23:10,14:50 - 23:10,14:50 - 23:10,14:50 - 23:10,Malpensa,Malpensa,Malpensa,Malpensa,Malpensa,Malpensa,
To5010,03:10 - 10:00,03:30 - 10:00,03:10 - 10:00,04:00 - 10:30,03:10 - 10:00,03:10 - 10:00,Riposo Festivo,04:00 - 10:30,04:00 - 10:30,04:00 - 10:30,04:00 - 10:30,Scorta,Scorta,Scorta,Scorta,Scorta,Scorta,
To5017,,,,,03:30 - 10:00,03:30 - 10:00,4:55 - 11:30,05:00 - 11:30,05:00 - 11:30,05:00 - 11:30,05:00 - 11:30,Scorta,Scorta,Scorta,Scorta,Scorta,Scorta, Caselle/Scorta
To5020,03:35 - 10:05,Non Disponibile,04:20 - 10:50,Non Disponibile,,,Riposo Festivo,05:00 - 11:30,05:00 - 11:30,05:00 - 11:30,05:00 - 11:30,Scorta,Scorta,Scorta,Scorta,Scorta,Scorta,
To5027,,,,,04:25 - 10:55,04:25 - 10:55,Riposo Festivo,05:30 - 12:00,05:30 - 12:00,05:30 - 12:00,05:30 - 12:00,Scorta,Scorta,Scorta,Scorta,Scorta,Scorta,
To5030,11:30 - 18:00,11:30 - 18:00,12:30 - 19:00,12:30 - 19:00,,,Riposo Festivo,12:30 - 19:00,12:30 - 19:00,12:30 - 19:00,12:30 - 19:00,Scorta,Scorta,Scorta,Scorta,Scorta,Scorta,
To5037,,,,,12:30 - 19:00,12:30 - 19:00,13:25 - 20:00,12:30 - 19:00,12:30 - 19:00,12:30 - 19:00,12:30 - 19:00,Scorta,Scorta,Scorta,Scorta,Scorta,Scorta,Caselle/Scorta
To6010,06:00 - 17:30,06:00 - 14:00,06:00 - 14:00,06:00 - 14:00,,,Riposo Festivo,06:00 - 14:00,06:00 - 14:00,06:00 - 14:00,06:00 - 14:00,Portineria,Portineria,Portineria,Portineria,Portineria,Portineria,
To6017,,,,,06:00 - 14:00,06:00 - 14:00,Riposo Festivo,,,,,Portineria,Portineria,Portineria,Portineria,Portineria,Portineria,Portineria
To6020,14:00 - 22:00,14:00 - 22:00,14:00 - 22:00,14:00 - 22:00,,,Riposo Festivo,,,,,Portineria,Portineria,Portineria,Portineria,Portineria,Portineria,
To6027,,,,,14:00 - 22:00,14:00 - 22:00,Riposo Festivo,,,,,Portineria,Portineria,Portineria,Portineria,Portineria,Portineria,Portineria
To6030,22:00 - 06:00,22:00 - 06:00,22:00 - 06:00,22:00 - 06:00,,,Riposo Festivo,,,,,Portineria,Portineria,Portineria,Portineria,Portineria,Portineria,
To6037,,,,,22:00 - 06:00,22:00 - 06:00,Riposo Festivo,,,,,Portineria,Portineria,Portineria,Portineria,Portineria,Portineria,Portineria
ToNavTO,15:00 - 22:00,15:00 - 22:00,,,,,Riposo Festivo,15:00 - 22:00,15:00 - 22:00,,,Noleggio,Noleggio ,,,,Noleggio,
Ca0016,06:59 - 15:52,,07.00 - 15:50,06:54 - 16:00,,,Riposo Festivo,,,,,Caselle (DEP Caselle),Caselle (DEP Caselle),Caselle (DEP Caselle),Caselle (DEP Caselle),Caselle (DEP Caselle),Caselle (DEP Caselle),
Ca0017,06:54 - 15:52,,,,06:49 - 16:00,06:54 - 15:52,Riposo Festivo,,,,,Caselle (DEP Caselle),Caselle (DEP Caselle),Caselle (DEP Caselle),Caselle (DEP Caselle),Caselle (DEP Caselle),Caselle (DEP Caselle),
Ca0020,13:50 - 19:47,13:45 - 19:57,,,,,Riposo Festivo,,,,,Caselle (DEP Caselle),Caselle (DEP Caselle),Caselle (DEP Caselle),Caselle (DEP Caselle),Caselle (DEP Caselle),Caselle (DEP Caselle),
Ca0026,15:49 - 00:22,,15:45 - 00:17,15:45 - 00:27,,,Riposo Festivo,,,,,Caselle (DEP Caselle),Caselle (DEP Caselle),Caselle (DEP Caselle),Caselle (DEP Caselle),Caselle (DEP Caselle),Caselle (DEP Caselle),
Ca0030,06:39 - 14:35,06:34 - 14:45,,,,,Riposo Festivo,,,,,Caselle (DEP Caselle),Caselle (DEP Caselle),Caselle (DEP Caselle),Caselle (DEP Caselle),Caselle (DEP Caselle),Caselle (DEP Caselle),
Ca0036,06:44 - 13:22,,06:40 - 12:50,06:39 - 13:00,,,Riposo Festivo,,,,,Caselle (DEP Caselle),Caselle (DEP Caselle),Caselle (DEP Caselle),Caselle (DEP Caselle),Caselle (DEP Caselle),Caselle (DEP Caselle),
Ca0037,15:54 - 23:52,,,,15:45 - 23:57,15:54 - 23:52,Riposo Festivo,,,,,Caselle (DEP Caselle),Caselle (DEP Caselle),Caselle (DEP Caselle),Caselle (DEP Caselle),Caselle (DEP Caselle),Caselle (DEP Caselle),
Ca0040,14:35 - 20:39,14:30 - 20:49,,,,,Riposo Festivo,,,,,Caselle (DEP Caselle),Caselle (DEP Caselle),Caselle (DEP Caselle),Caselle (DEP Caselle),Caselle (DEP Caselle),Caselle (DEP Caselle),
Ca0046,13:19 - 19:52,,12:50 - 19:47,12:45 - 19:57,,,Riposo Festivo,,,,,Caselle (DEP Caselle),Caselle (DEP Caselle),Caselle (DEP Caselle),Caselle (DEP Caselle),Caselle (DEP Caselle),Caselle (DEP Caselle),
Ca0050,,,,,,,Riposo Festivo,,,,,Caselle (DEP Caselle),Caselle (DEP Caselle),Caselle (DEP Caselle),Caselle (DEP Caselle),Caselle (DEP Caselle),Caselle (DEP Caselle),
Ca0056,17:24 - 23:52,,16:50 - 23:47,16:49 - 23:57,,,Riposo Festivo,,,,,Caselle (DEP Caselle),Caselle (DEP Caselle),Caselle (DEP Caselle),Caselle (DEP Caselle),Caselle (DEP Caselle),Caselle (DEP Caselle),
Ca0060,06:59 - 15:05,06:54 - 15:15,,,,,Riposo Festivo,,,,,Caselle (DEP Caselle),Caselle (DEP Caselle),Caselle (DEP Caselle),Caselle (DEP Caselle),Caselle (DEP Caselle),Caselle (DEP Caselle),
Ca0070,17:09 - 00:17,17:04 - 00:27,,,,,Riposo Festivo,,,,,Caselle (DEP Caselle),Caselle (DEP Caselle),Caselle (DEP Caselle),Caselle (DEP Caselle),Caselle (DEP Caselle),Caselle (DEP Caselle),
Ca0080,07:29 - 13:32,07:24 - 13:42,,,,,Riposo Festivo,,,,,Caselle (DEP Caselle),Caselle (DEP Caselle),Caselle (DEP Caselle),Caselle (DEP Caselle),Caselle (DEP Caselle),Caselle (DEP Caselle),
Ca0090,15:06 - 22:39,15:04 - 22:49,,,,,Riposo Festivo,,,,,Caselle (DEP Caselle),Caselle (DEP Caselle),Caselle (DEP Caselle),Caselle (DEP Caselle),Caselle (DEP Caselle),Caselle (DEP Caselle),
Pb0020,04:44 - 14:10,04:39 - 13:06,,,,,Riposo Festivo,,,,,Piobesi (DEP Piobesi),Piobesi (DEP Piobesi),Piobesi (DEP Piobesi),Piobesi (DEP Piobesi),Piobesi (DEP Piobesi),Piobesi (DEP Piobesi),
Pb0026,,,05:39 - 14:10,05:29 - 14:20,,,Riposo Festivo,,,,,Piobesi (DEP Piobesi),Piobesi (DEP Piobesi),Piobesi (DEP Piobesi),Piobesi (DEP Piobesi),Piobesi (DEP Piobesi),Piobesi (DEP Piobesi),
Pb0030,05:34 - 14:41,05:29 - 14:20,,,,,Riposo Festivo,,,,,Piobesi (DEP Piobesi),Piobesi (DEP Piobesi),Piobesi (DEP Piobesi),Piobesi (DEP Piobesi),Piobesi (DEP Piobesi),Piobesi (DEP Piobesi),
Pb0040,06:44 - 16:33,06:24 - 15:36,,,,,Riposo Festivo,05:39 - 12:56,05:39 - 12:56,,,Piobesi (DEP Piobesi),Piobesi (DEP Piobesi),Piobesi (DEP Piobesi),Piobesi (DEP Piobesi),Piobesi (DEP Piobesi),Piobesi (DEP Piobesi),
Pb0046,,,06:34 - 13:51,06:39 - 14:01,,,Riposo Festivo,,,,,Piobesi (DEP Piobesi),Piobesi (DEP Piobesi),Piobesi (DEP Piobesi),Piobesi (DEP Piobesi),Piobesi (DEP Piobesi),Piobesi (DEP Piobesi),
Pb0050,06:55 - 17:05,06:39 - 17:40,,,,,Riposo Festivo,,,,,Piobesi (DEP Piobesi),Piobesi (DEP Piobesi),Piobesi (DEP Piobesi),Piobesi (DEP Piobesi),Piobesi (DEP Piobesi),Piobesi (DEP Piobesi),
Pb0056,,,06:59 - 17:36,06:59 - 18:46,,,Riposo Festivo,,,,,Piobesi (DEP Piobesi),Piobesi (DEP Piobesi),Piobesi (DEP Piobesi),Piobesi (DEP Piobesi),Piobesi (DEP Piobesi),Piobesi (DEP Piobesi),
Pb0060,07:14 - 17:30,06:49- 18:46,,,,,Riposo Festivo,,,,,Piobesi (DEP Piobesi),Piobesi (DEP Piobesi),Piobesi (DEP Piobesi),Piobesi (DEP Piobesi),Piobesi (DEP Piobesi),Piobesi (DEP Piobesi),
Pb0066,,,07:14 - 18:36,06:49 - 17:46,,,Riposo Festivo,,,,,Piobesi (DEP Piobesi),Piobesi (DEP Piobesi),Piobesi (DEP Piobesi),Piobesi (DEP Piobesi),Piobesi (DEP Piobesi),Piobesi (DEP Piobesi),
Pb0070,07:33 - 18:36,14:19 - 21:00,,,,,Riposo Festivo,06:34 - 14:31,06:34 - 14:31,,,Piobesi (DEP Piobesi),Piobesi (DEP Piobesi),Piobesi (DEP Piobesi),Piobesi (DEP Piobesi),Piobesi (DEP Piobesi),Piobesi (DEP Piobesi),
Pb0076,,,08:24 - 18:56,11:19 - 19:06,,,Riposo Festivo,,,,,Piobesi (DEP Piobesi),Piobesi (DEP Piobesi),Piobesi (DEP Piobesi),Piobesi (DEP Piobesi),Piobesi (DEP Piobesi),Piobesi (DEP Piobesi),
Pb0080,13:50 - 20:50,Non Disponibile,,,,,Riposo Festivo,,,,,Piobesi (DEP Piobesi),Piobesi (DEP Piobesi),Piobesi (DEP Piobesi),Piobesi (DEP Piobesi),Piobesi (DEP Piobesi),Piobesi (DEP Piobesi),
Pb0090,17:29 - 23:51,17:99-00:01,,,,,Riposo Festivo,16:59 - 23:51,16:59 - 23:51,,,Piobesi (DEP Piobesi),Piobesi (DEP Piobesi),Piobesi (DEP Piobesi),Piobesi (DEP Piobesi),Piobesi (DEP Piobesi),Piobesi (DEP Piobesi),
Pb0096,,,18:19 - 23:51,18:09 - 00:01,,,Riposo Festivo,,,,,Piobesi (DEP Piobesi),Piobesi (DEP Piobesi),Piobesi (DEP Piobesi),Piobesi (DEP Piobesi),Piobesi (DEP Piobesi),Piobesi (DEP Piobesi),
Pb0110,16:15 - 23:06,15:34 - 23:16,,,,,Riposo Festivo,,,,,Piobesi (DEP Piobesi),Piobesi (DEP Piobesi),Piobesi (DEP Piobesi),Piobesi (DEP Piobesi),Piobesi (DEP Piobesi),Piobesi (DEP Piobesi),
Pb0120,06:29 - 14:41,05:49 - 14:41,,,,,Riposo Festivo,,,,,Piobesi (DEP Piobesi),Piobesi (DEP Piobesi),Piobesi (DEP Piobesi),Piobesi (DEP Piobesi),Piobesi (DEP Piobesi),Piobesi (DEP Piobesi),
Pb0126,,,07:19 - 15:26,,,,Riposo Festivo,,,,,Piobesi (DEP Piobesi),Piobesi (DEP Piobesi),Piobesi (DEP Piobesi),Piobesi (DEP Piobesi),Piobesi (DEP Piobesi),Piobesi (DEP Piobesi),
Pb0137,,,,,07:59 - 16:28,08:09 - 16:18,Riposo Festivo,,,,,Piobesi (DEP Piobesi),Piobesi (DEP Piobesi),Piobesi (DEP Piobesi),Piobesi (DEP Piobesi),Piobesi (DEP Piobesi),Piobesi (DEP Piobesi),
Pb0147,,,,,16:49 - 23:22,16:59 - 23:12,Riposo Festivo,,,,,Piobesi (DEP Piobesi),Piobesi (DEP Piobesi),Piobesi (DEP Piobesi),Piobesi (DEP Piobesi),Piobesi (DEP Piobesi),Piobesi (DEP Piobesi),
Pb0170,05:54 - 14:56,,,,,,Riposo Festivo,,,,,Piobesi (DEP Piobesi),Piobesi (DEP Piobesi),Piobesi (DEP Piobesi),Piobesi (DEP Piobesi),Piobesi (DEP Piobesi),Piobesi (DEP Piobesi),
Pb0176,,,07:09 - 14:26,06:24 - 13:06,,,Riposo Festivo,,,,,Piobesi (DEP Piobesi),Piobesi (DEP Piobesi),Piobesi (DEP Piobesi),Piobesi (DEP Piobesi),Piobesi (DEP Piobesi),Piobesi (DEP Piobesi),
Pe0010,06:40 - 17:20,13:55 - 23.30,05:55 - 14:15,05:55 - 14:15,07:45 - 13:15,07:45 - 13:15,Riposo Festivo,,,,,,,,,,,
Pe0020,04:10 - 11:10,04:05 - 14:25,,,,,Riposo Festivo,,,,,,,,,,,
Pe0030,07:00 - 16:40,06:55 - 18:30,,,12:45 - 17:15,12:45 - 17:15,Riposo Festivo,,,,,,,,,,,
Pe0040,04:40 - 13:20,04:35 - 15:15,07:15 - 16:45,07:15 - 16:45,06:44 - 11:14,06:44 - 11:14,Riposo Festivo,,,,,,,,,,,
Pe0050,05:10 - 13:55,05:50 - 17:35,,,,,Riposo Festivo,,,,,,,,,,,
Pe0070,05:10 - 14:32,05:25 - 14:35,08:10 - 16:50,08:10 - 16:50,09:10 - 15:57,09:10 - 15:57,Riposo Festivo,,,,,,,,,,,
Pe0080,13:36 - 22:47,16:15 - 01:05,,,15:00 - 20:57,15:00 - 20:57,Riposo Festivo,,,,,,,,,,,
Pe0090,07:10 - 18:20,11:55 - 20:35,,,,,Riposo Festivo,,,,,,,,,,,
Pe0100,,,,,14:55 - 00:55,14:55 - 00:55,,,,,,,,,,,,
Pe0110,15:13 - 23:20,14:08 - 22:05,,,,,Riposo Festivo,,,,,,,,,,,
Pe0120,05:30 - 15:20,05:05 - 16:25,04:10 - 14:05,04:10 - 14:05,,,Riposo Festivo,,,,,,,,,,,
Pe0130,15:30 - 23:55,15:25 - 00:05,07:24 - 15:25,07:24 - 15:25,,,Riposo Festivo,,,,,,,,,,,
Pe0140,06:35 - 17:25,06:35 - 18:05,,,,,Riposo Festivo,,,,,,,,,,,
Pe0150,04:45 - 14:25,04:40 - 15:05,,,,,Riposo Festivo,,,,,,,,,,,
Pe0160,16:40 - 23:31,13:05 - 23:30,,,,,Riposo Festivo,,,,,,,,,,,
Pe0170,07:15 - 18:45,04:05 - 11:35,,,,,Riposo Festivo,,,,,,,,,,,
Pe0190,05:40 - 15:23,05:35 - 14:42,,,,,Riposo Festivo,,,,,,,,,,,
Pe0200,07:24 - 18:55,,05:40 - 14:37,05:40 - 14:37,,,Riposo Festivo,,,,,,,,,,,
Pe0210,16:00 - 23:40,15:55 - 23:50,,,,,Riposo Festivo,,,,,,,,,,,
Pe0220,04:10 - 14:35,05:40 - 15:33,,,,,Riposo Festivo,,,,,,,,,,,
Pe0240,05:50 - 14:55,,,,,,Riposo Festivo,,,,,,,,,,,
Pe0250,16:20 - 00:55,13:55 - 22:57,17:30 - 00:55,17:30 - 00:55,,,Riposo Festivo,,,,,,,,,,,
Pe0260,07:00 - 16:15,,07:30 - 18:45,07:30 - 18:45,,,Riposo Festivo,,,,,,,,,,,
Pe0280,06:40 - 16:43,06:55 - 18:30,12:30 - 20:45,12:30 - 20:45,15:47 - 21:17,15:47 - 21:17,Riposo Festivo,,,,,,,,,,,
Pe0290,07:00 - 18:20,,,,,,Riposo Festivo,,,,,,,,,,,
Pe0300,04:55 - 14:05,04:55 - 14:05,05:40 - 13:10,05:40 - 13:10,,,,,,,,,,,,,,
Pe0910,,,05:15 - 14:00,05:15 - 14:00,,,,,,,,,,,,,,
Pe5010,04:00 - 14:00,04:00 - 14:00,04:00 - 14:00,04:00 - 14:00,06:30 - 15:00,06:30 - 15:00,,,,,,,,,,,,
Pe5020,13:00 - 19:30,,,,,,,,,,,,,,,,,
Pi0010,06:25 - 17:49,,,,,,Riposo Festivo,,,,,,,,,,,
Pi0020,05:50 - 14:49,,,,,,Riposo Festivo,,,,,,,,,,,
Pi0030,07:03 - 19:00,,,,,,Riposo Festivo,,,,,,,,,,,
Pi0040,04:18 - 14:43,,,,,,Riposo Festivo,,,,,,,,,,,
Pi0050,04:55 - 14:39,,,,,,Riposo Festivo,,,,,,,,,,,
Pi0060,06:55 - 18:34,,,,,,Riposo Festivo,,,,,,,,,,,
Pi0070,,,,,,,Riposo Festivo,,,,,,,,,,,
Pi0080,07:15 - 19:15,,,,,,Riposo Festivo,,,,,,,,,,,
Pi0090,13:20 - 20:19,,,,,,Riposo Festivo,,,,,,,,,,,
Pi0100,,,,,,,Riposo Festivo,,,,,,,,,,,
Pi0110,,,,,,,Riposo Festivo,,,,,,,,,,,
Pi0120,06:20 - 17:27,,,,,,Riposo Festivo,,,,,,,,,,,
Pi0130,06:40 - 17:47,,,,,,Riposo Festivo,,,,,,,,,,,
Pi0140,05:50 - 13:36,,,,,,Riposo Festivo,,,,,,,,,,,
Pi0150,,,,,,,Riposo Festivo,,,,,,,,,,,
Pi0160,,,,,,,Riposo Festivo,,,,,,,,,,,
Pi0180,,,,,,,Riposo Festivo,,,,,,,,,,,
Pi0190,17:20 - 22:55,,,,,,Riposo Festivo,,,,,,,,,,,
Pi0200,13:15 - 21:35,,,,,,Riposo Festivo,,,,,,,,,,,
Pi0210,07:00 - 18:05,,,,,,Riposo Festivo,,,,,,,,,,,
Pi0230,13:15 - 22:57,,,,,,Riposo Festivo,,,,,,,,,,,
Pi0250,13:10 - 19:55,,,,,,Riposo Festivo,,,,,,,,,,,
Pi0260,06:54 - 18:41,,,,,,Riposo Festivo,,,,,,,,,,,
Pi0270,,,,,,,Riposo Festivo,,,,,,,,,,,
Pi0280,06:20 - 15:40,,,,,,Riposo Festivo,,,,,,,,,,,
Pi0290,05:38 - 11:40,,,,,,Riposo Festivo,,,,,,,,,,,
Pi0300,06:05 - 14:10,,,,,,Riposo Festivo,,,,,,,,,,,
Pi0310,,,,,,,Riposo Festivo,,,,,,,,,,,
Pi0370,06:40 - 17:28,,,,,,Riposo Festivo,,,,,,,,,,,
Pi0470,05:05 - 14:10,,,,,,Riposo Festivo,,,,,,,,,,,
Pi0500,15:57 - 23:32,,,,,,Riposo Festivo,,,,,,,,,,,
Pi0530,,,,,,,Riposo Festivo,,,,,,,,,,,
Pi0540,05:50 - 15:00,,,,,,Riposo Festivo,,,,,,,,,,,
Pi0560,05:35 - 15:06,,,,,,Riposo Festivo,,,,,,,,,,,
Pi0580,06:45 - 18:15,,,,,,Riposo Festivo,,,,,,,,,,,
Pi0610,06:40 - 15:50,,,,,,Riposo Festivo,,,,,,,,,,,
Pi0620,13:20 - 19:45,,,,,,Riposo Festivo,,,,,,,,,,,
Pi0720,13:40 - 22:51,,,,,,Riposo Festivo,,,,,,,,,,,
Pi0900,,,,,,,Riposo Festivo,,,,,,,,,,,
Pi0910,14:00 - 23:47,,,,,,Riposo Festivo,,,,,,,,,,,
Pi0920,,,,,,,Riposo Festivo,,,,,,,,,,,
Pi0930,05:20 - 11:10,,,,,,Riposo Festivo,,,,,,,,,,,
Pi0950,05.54 - 15.50,,,,,,Riposo Festivo,,,,,,,,,,,
Pt0010,04:55 - 13:50,04:50 - 14:00,4:55 - 13:50,04:40 - 14:00,,,,,,,,Pont-Chivasso,Pont-Chivasso,,,,,
Pt0020,5:25 - 14:46,05:10 - 15:01,,,,,,,,,,Pont-Chivasso/FCA Mirafiori,Pont-Chivasso/FCA Mirafiori,,,,,
Pt0030,5:47 - 14:10,05:42 - 14:20,,,,,,,,,,Pont-Chivasso-Torino,Pont-Chivasso-Torino,,,,,
Pt0040,06:42 - 18:10,06:32 - 18:20,,,,,,,,,,Pont-Chivasso-Torino,Pont-Chivasso-Torino,,,,,
Pt0050,06:12 - 16:03,06:07 - 15:20,,,,,,,,,,Pont-Torino/Caluso Liceo,Pont-Torino/Caluso Liceo,,,,,
Pt0060,07:42 - 15:10,05:59 - 15:57,,,,,,,,,,Pont-Chivasso,Pont-Chivasso,,,,,
Pt0070,06:30 - 15:47,06:25 - 15:57,6:42 - 14:10,06:37 - 14:20,,,,,,,,Caluso Liceo/Pont-Torino,Caluso Liceo/Pont-Torino,,,,,
Pt0080,06:33 - 18:23,12:37 -18:33,7:42 - 18:10,07:37 -18:20,,,,,,,,Pont-Strambino-Torino/FCA,Pont-Strambino-Torino/FCA,,,,,
Pt0087,,,,,07:37 - 18:20,07:37 - 18:20,,,,,,,,,,Pont-Chivasso,Pont-Chivasso,
Pt0090,14:12 - 20:16,14:07 - 20:26,11:42 - 19:10,11:37 - 19:20,,,,,,,,Pont-Torino/Airasca,Pont-Torino/Airasca,,,,,
Pt0100,13:42 - 21:10,13:37 - 21:20,13:42 - 21:13,12:37 - 21:20,,,,,,,,Pont-Chivasso,Pont-Chivasso,,,,,
Pt0110,15:52 - 23:39,15:47 - 23:49,12:42 - 20:16,12:37 - 20:26,,,,,,,,Pont-Chivasso,Pont-Chivasso,,,,,
Pt0611,,06:35 - 15:10,,06:35 - 15:10,,,,,,,,,,,,,,
Pt0612,,15:00 - 22:50,,15:00 - 22:50,,,,,,,,,,,,,,
Su0010,15:55 - 23:55,16:20 - 23:35,14:05 - 19:40,12:15 - 19:50,,,,16:20 - 23:35,,,,,,,,,,
Su0020,06:50 - 14:35,06:25 - 13:15,,,07:25 - 12:35,07:25 - 12:35,,06:25 - 13:15,,,,,,,,,,
Su0030,,,06:15 - 13:40,05:00 - 13:39,,,,,,,,,,,,,,
Su0040,04:50 - 14:40,12:15 - 19:50,,,,,,12:15 - 19:50,,,,,,,,,,
Su0060,13:05 - 19:40,06:15 - 15:50,13:00 - 18:40,,,,,06:15 - 15:50,,,,,,,,,,
Su0070,06:05 - 15:40,05:20 - 12:55,05:55 - 14:05,06:25 - 18:50,,,,05:20 - 12:55,,,,,,,,,,
Su0080,05:25 - 14:40,04:20 - 15:20,05:00 - 13:40,04:45 - 09:45,,,,04:20 - 15:20,,,,,,,,,,
Su0090,04:25 - 14:40,04:45 - 15:15,04:50 - 09:30,,,,,04:45 - 15:15,,,,,,,,,,
Su0100,06:55 - 18:25,12:55 - 18:35,04:50 - 14:50,04:45 - 12:05,,,,12:55 - 18:35,,,,,,,,,,
Su0110,06:20 - 15:10,,,,,,,,,,,,,,,,,
Su0520,07:00 - 15:30,07:00 - 16:30,07:00 - 16:30,07:00 - 16:30,,,,07:00 - 16:30,,,,,,,,,,
Su0550,,,,,,06:00 - 17:00,,,,,,,,,,,,
Su5010,04:15 - 14:25,04:15 - 14:30,04:15 - 14:30,04:30 - 14:30,,,,04:15 - 14:30,,,,,,,,,,
DISP,DISP,DISP,DISP,DISP,DISP,DISP,DISP,DISP,DISP,DISP,DISP,Turno da Definire,Turno da Definire,Turno da Definire,Turno da Definire,Turno da Definire,Turno da Definire,Turno da Definire
RIP,Riposo,Riposo,Riposo,Riposo,Riposo,Riposo,Riposo,Riposo,Riposo,Riposo,Riposo,Giornata Libera,Giornata Libera,Giornata Libera,Giornata Libera,Giornata Libera,Giornata Libera,Giornata Libera
RC,Riposo Compensativo,Riposo Compensativo,Riposo Compensativo,Riposo Compensativo,Riposo Compensativo,Riposo Compensativo,Riposo Compensativo,Riposo Compensativo,Riposo Compensativo,Riposo Compensativo,Riposo Compensativo,Giornata Libera,Giornata Libera,Giornata Libera,Giornata Libera,Giornata Libera,Giornata Libera,Giornata Libera
RF,Riposo Festivo,Riposo Festivo,Riposo Festivo,Riposo Festivo,Riposo Festivo,Riposo Festivo,Riposo Festivo,Riposo Festivo,Riposo Festivo,Riposo Festivo,Riposo Festivo,Giornata Libera,Giornata Libera,Giornata Libera,Giornata Libera,Giornata Libera,Giornata Libera,Giornata Libera