Linea,268,268,268,268,268,268,268,268,268,268,268,268,268,268,268,268,268,268,268,268,268,268,268,268,268,268,268,268,268,268,268,268,268,268,268,268,268,268,268,268,268,268,268,268,268,268,268,268,268,268,268,268,268,268,268,268,268,268,268,268,268,268,268,268,268,268,268,268,268,268,268,268,268,268,268,268,268,268,268,268,268,268,268,268,268,268,268,268,268,268,268,268,268,268,268,268,268,268,268,268,268,268,268,268,268
ID_Corsa,C0966,C0896,C0897,C0961,C0962,C0898,C0963,C0899,C0964,C0900,C0965,C0901,C0967,C0903,C0905,C0969,C0907,C0909,C0971,C0911,C0913,C0973,C0915,C0917,C0975,C0919,C0921,C0977,C0923,C0925,C0979,C0927,C0928,C0929,C0981,C0931,C0933,C0983,C0935,C0937,C0985,C0939,C0941,C0987,C0943,C0944,C0945,C0946,C0990,C0947,C0948,C0949,C0950,C0992,C0951,C0952,C0994,C0954,C0996,C0956,C0998,C0958,C1000,C0960,C0988,C0902,C0904,C0906,C0908,C0910,C0912,C0914,C0916,C0918,C0920,C0922,C0924,C0926,C0930,C0932,C0934,C0936,C0938,C0940,C0942,C0953,C0955,C0957,C0959,C0968,C0970,C0972,C0974,C0976,C0978,C0980,C0982,C0984,C0986,C0989,C0991,C0993,C0995,C0997,C0999
Giorni,8,12345,12345,6,8,12345,6,12345,8,12345,6,12345,8,12345,12345,8,12345,12345,8,12345,12345,8,12345,12345,8,12345,12345,8,12345,12345,8,12345,12345,12345,8,12345,12345,8,12345,12345,8,12345,12345,8,12345,12345,12345,12345,8,12345,12345,12345,12345,8,12345,12345,8,12345,8,12345,8,12345,8,12345,6,12345,12345,12345,12345,12345,12345,12345,12345,12345,12345,12345,12345,12345,12345,12345,12345,12345,12345,12345,12345,12345,12345,12345,12345,8,8,8,8,8,8,8,8,8,8,8,8,8,8,8,8
Stagionalita,,FER,FER,FER,FEST,FER,FER,SCO,FEST,FER,FER,SCO,,FER,FER,,FER,FER,,FER,FER,,FER,FER,,FER,FER,,FER,FER,,FER,FER,FER,,FER,FER,,FER,FER,,FER,FER,,FER,FER,FER,FER,,FER,FER,FER,FER,,FER,FER,,FER,,FER,,FER,,FER,FER,FER,FER,FER,FER,FER,FER,FER,FER,FER,FER,FER,FER,FER,FER,FER,FER,FER,FER,FER,FER,FER,FER,FER,FER,,,,,,,,,,,,,,,,
Note,,,,,#,,,Scol,,,,Scol,,,,#,,,,,,#,,,,,,#,,,,,,,#,,,,,,#,,,,,,,,#,,,,,,,,#,,,,K,K,K,K,K,EXPRESS,EXPRESS,EXPRESS,EXPRESS,EXPRESS,EXPRESS,EXPRESS,EXPRESS,EXPRESS,EXPRESS,EXPRESS,EXPRESS,EXPRESS,EXPRESS,EXPRESS,EXPRESS,EXPRESS,EXPRESS,EXPRESS,EXPRESS,EXPRESS,EXPRESS,,,EXPRESS,EXPRESS,EXPRESS,EXPRESS,EXPRESS,EXPRESS,EXPRESS,EXPRESS,EXPRESS,EXPRESS,EXPRESS,EXPRESS,EXPRESS,EXPRESS,EXPRESS,
TORINO - Porta Nuova,4:15,4:45,5:15,5:15,5:30,5:45,5:45,6:15,6:15,6:30,6:30,6:45,7:00,7:15,7:45,8:00,8:15,8:45,9:00,9:15,9:45,10:00,10:15,10:45,11:00,11:15,11:45,12:00,12:15,12:45,13:00,13:15,13:30,13:45,14:00,14:15,14:45,15:00,15:15,15:45,16:00,16:15,16:45,17:00,17:15,17:30,17:45,18:00,18:00,18:15,18:30,18:45,19:00,19:00,19:20,19:40,20:00,20:30,21:00,21:30,22:00,22:30,23:00,23:30,23:30,7:00,7:30,8:00,8:30,9:00,9:30,10:00,10:30,11:00,11:30,12:00,12:30,13:00,14:00,14:30,15:00,15:30,16:00,16:30,17:00,20:00,21:00,22:00,23:00,7:30,8:30,9:30,10:30,11:30,12:30,13:30,14:30,15:30,16:30,17:30,18:30,19:30,20:30,21:30,22:30
TORINO - Porta Susa,4:23,4:53,5:23,5:23,5:38,5:53,5:53,6:23,6:23,6:38,6:38,6:53,7:08,7:23,7:53,8:08,8:23,8:53,9:08,9:23,9:53,10:08,10:23,10:53,11:08,11:23,11:53,12:08,12:23,12:53,13:08,13:23,13:38,13:53,14:08,14:23,14:53,15:08,15:23,15:53,16:08,16:23,16:53,17:08,17:23,17:38,17:53,18:08,18:08,18:23,18:38,18:53,19:08,19:08,19:28,19:48,20:08,20:38,21:08,21:38,22:08,22:38,23:08,23:38,23:38,7:08,7:38,8:08,8:38,9:08,9:38,10:08,10:38,11:08,11:38,12:08,12:38,13:08,14:08,14:38,15:08,15:38,16:08,16:38,17:08,20:08,21:08,22:08,23:08,7:38,8:38,9:38,10:38,11:38,12:38,13:38,14:38,15:38,16:38,17:38,18:38,19:38,20:38,21:38,22:38
TORINO - c.so Umbria/via Livorno,4:28,4:58,5:28,5:28,5:43,5:58,5:58,6:28,6:28,6:43,6:43,6:58,7:13,7:28,7:58,8:13,8:28,8:58,9:13,9:28,9:58,10:13,10:28,10:58,11:13,11:28,11:58,12:13,12:28,12:58,13:13,13:28,13:43,13:58,14:13,14:28,14:58,15:13,15:28,15:58,16:13,16:28,16:58,17:13,17:28,17:43,17:58,18:13,18:13,18:28,18:43,18:58,19:13,19:13,19:33,19:53,20:13,20:43,21:13,21:43,22:13,22:43,23:13,23:43,23:43,-,-,-,-,-,-,-,-,-,-,-,-,-,-,-,-,-,-,-,-,-,-,-,-,-,-,-,-,-,-,-,-,-,-,-,-,-,-,-,-
TO – via Stradella,4:33,5:03,5:33,5:33,5:48,6:03,6:03,6:33,6:33,6:48,6:48,7:03,7:18,7:33,8:03,8:18,8:33,9:03,9:18,9:33,10:03,10:18,10:33,11:03,11:18,11:33,12:03,12:18,12:33,13:03,13:18,13:33,13:48,14:03,14:18,14:33,15:03,15:18,15:33,16:03,16:18,16:33,17:03,17:18,17:33,17:48,18:03,18:18,18:18,18:33,18:48,19:03,19:18,19:18,19:38,19:58,20:18,20:48,21:18,21:48,22:18,22:48,23:18,23:48,23:48,-,-,-,-,-,-,-,-,-,-,-,-,-,-,-,-,-,-,-,-,-,-,-,-,-,-,-,-,-,-,-,-,-,-,-,-,-,-,-,-
TO - Via Stampini,4:37,5:07,5:37,5:37,5:52,6:07,6:07,6:37,6:37,6:52,6:52,7:07,7:22,7:37,8:07,8:22,8:37,9:07,9:22,9:37,10:07,10:22,10:37,11:07,11:22,11:37,12:07,12:22,12:37,13:07,13:22,13:37,13:52,14:07,14:22,14:37,15:07,15:22,15:37,16:07,16:22,16:37,17:07,17:22,17:37,17:52,18:07,18:22,18:22,18:37,18:52,19:07,19:22,19:22,19:42,20:02,20:22,20:52,21:22,21:52,22:22,22:52,23:22,23:52,23:52,-,-,-,-,-,-,-,-,-,-,-,-,-,-,-,-,-,-,-,-,-,-,-,-,-,-,-,-,-,-,-,-,-,-,-,-,-,-,-,-
BORGARO T.SE - via Lanzo/via Martiri,4:48,5:18,5:48,5:48,6:03,6:18,6:18,6:48,6:48,7:03,7:03,7:18,7:33,7:48,8:18,8:33,8:48,9:18,9:33,9:48,10:18,10:33,10:48,11:18,11:33,11:48,12:18,12:33,12:48,13:18,13:33,13:48,14:03,14:18,14:33,14:48,15:18,15:33,15:48,16:18,16:33,16:48,17:18,17:33,17:48,18:03,18:18,18:33,18:33,18:48,19:03,19:18,19:33,19:33,19:53,20:13,20:33,21:03,21:33,22:03,22:33,23:03,23:33,0:03,0:03,-,-,-,-,-,-,-,-,-,-,-,-,-,-,-,-,-,-,-,-,-,-,-,-,-,-,-,-,-,-,-,-,-,-,-,-,-,-,-,-
"CASELLE T.SE - via Torino, 99",4:55,5:25,5:55,5:55,6:10,6:25,6:25,6:55,6:55,7:10,7:10,7:25,7:40,7:55,8:25,8:40,8:55,9:25,9:40,9:55,10:25,10:40,10:55,11:25,11:40,11:55,12:25,12:40,12:55,13:25,13:40,13:55,14:10,14:25,14:40,14:55,15:25,15:40,15:55,16:25,16:40,16:55,17:25,17:40,17:55,18:10,18:25,18:40,18:40,18:55,19:10,19:25,19:40,19:40,20:00,20:20,20:40,21:10,21:40,22:10,22:40,23:10,23:40,0:10,0:10,-,-,-,-,-,-,-,-,-,-,-,-,-,-,-,-,-,-,-,-,-,-,-,-,-,-,-,-,-,-,-,-,-,-,-,-,-,-,-,-
"CASELLE T.SE - str. Aeroporto, 44",4:57,5:27,5:57,5:57,6:12,6:27,6:27,6:57,6:57,7:12,7:12,7:27,7:42,7:57,8:27,8:42,8:57,9:27,9:42,9:57,10:27,10:42,10:57,11:27,11:42,11:57,12:27,12:42,12:57,13:27,13:42,13:57,14:12,14:27,14:42,14:57,15:27,15:42,15:57,16:27,16:42,16:57,17:27,17:42,17:57,18:12,18:27,18:42,18:42,18:57,19:12,19:27,19:42,19:42,20:02,20:22,20:42,21:12,21:42,22:12,22:42,23:12,23:42,0:12,0:12,-,-,-,-,-,-,-,-,-,-,-,-,-,-,-,-,-,-,-,-,-,-,-,-,-,-,-,-,-,-,-,-,-,-,-,-,-,-,-,-
TORINO - Aeroporto (Caselle),5:00,5:30,6:00,6:00,6:15,6:30,6:30,7:00,7:00,7:15,7:15,7:30,7:45,8:00,8:30,8:45,9:00,9:30,9:45,10:00,10:30,10:45,11:00,11:30,11:45,12:00,12:30,12:45,13:00,13:30,13:45,14:00,14:15,14:30,14:45,15:00,15:30,15:45,16:00,16:30,16:45,17:00,17:30,17:45,18:00,18:15,18:30,18:45,18:45,19:00,19:15,19:30,19:45,19:45,20:05,20:25,20:45,21:15,21:45,22:15,22:45,23:15,23:45,0:15,0:15,7:37,8:07,8:37,9:07,9:37,10:07,10:37,11:07,11:37,12:07,12:37,13:07,13:37,14:37,15:07,15:37,16:07,16:37,17:07,17:37,20:37,21:37,22:37,23:37,8:07,9:07,10:07,11:07,12:07,13:07,14:07,15:07,16:07,17:07,18:07,19:07,20:07,21:07,22:07,23:07

Linea,268,268,268,268,268,268,268,268,268,268,268,268,268,268,268,268,268,268,268,268,268,268,268,268,268,268,268,268,268,268,268,268,268,268,268,268,268,268,268,268,268,268,268,268,268,268,268,268,268,268,268,268,268,268,268,268,268,268,268,268,268,268,268,268,268,268,268,268,268,268,268,268,268,268,268,268,268,268,268,268,268,268,268,268,268,268,268,268,268,268,268,268,268,268,268,268,268,268,268,268,268,268,268,268,268
ID_Corsa,C1070,C1001,C1066,C1002,C1071,C1003,C1067,C1004,C1068,C1005,C1069,C1006,C1007,C1008,C1009,C1010,C1073,C1011,C1012,C1014,C1075,C1016,C1018,C1077,C1020,C1022,C1079,C1024,C1026,C1081,C1028,C1030,C1083,C1032,C1034,C1085,C1036,C1038,C1087,C1040,C1042,C1089,C1044,C1046,C1091,C1048,C1050,C1094,C1052,C1054,C1096,C1056,C1098,C1058,C1100,C1060,C1102,C1062,C1104,C1064,C1105,C1013,C1015,C1017,C1019,C1021,C1023,C1025,C1027,C1029,C1031,C1033,C1035,C1037,C1039,C1041,C1043,C1045,C1047,C1049,C1051,C1053,C1055,C1057,C1059,C1061,C1063,C1072,C1074,C1076,C1078,C1080,C1082,C1084,C1086,C1088,C1090,C1092,C1095,C1097,C1099,C1101,C1103,C1065,C1093
Giorni,8,12345,6,12345,8,12345,6,12345,8,12345,6,12345,12345,12345,12345,12345,8,12345,12345,12345,8,12345,12345,8,12345,12345,8,12345,12345,8,12345,12345,8,12345,12345,8,12345,12345,8,12345,12345,8,12345,12345,8,12345,12345,8,12345,12345,8,12345,8,12345,8,12345,8,12345,8,12345,8,12345,12345,12345,12345,12345,12345,12345,12345,12345,12345,12345,12345,12345,12345,12345,12345,12345,12345,12345,12345,12345,12345,12345,12345,12345,12345,8,8,8,8,8,8,8,8,8,8,8,8,8,8,8,8,2345,6
Stagionalita,,FER,FER,FER,,FER,FER,SCO,FEST,FER,FER,SCO,FER,FER,FER,FER,,FER,FER,FER,,FER,FER,,FER,FER,,FER,FER,,FER,FER,,FER,FER,,FER,FER,,FER,FER,,FER,FER,,FER,FER,,FER,FER,,FER,,FER,,FER,,FER,,FER,,FER,FER,FER,FER,FER,FER,FER,FER,FER,FER,FER,FER,FER,FER,FER,FER,FER,FER,FER,FER,FER,FER,FER,FER,FER,FER,,,,,,,,,,,,,,,,,FER,FER
Note,,,,,#,,,Scol,,,,Scol,,,,,,,,,#,,,,,,#,,,,,,#,,,,,,#,,,,,,#,,,,,,#,,,,#,,,,K,K,K,EXPRESS,EXPRESS,EXPRESS,EXPRESS,EXPRESS,EXPRESS,EXPRESS,EXPRESS,EXPRESS,EXPRESS,EXPRESS,EXPRESS,EXPRESS,EXPRESS,EXPRESS,EXPRESS,EXPRESS,EXPRESS,EXPRESS,EXPRESS,EXPRESS,EXPRESS,EXPRESS,EXPRESS,EXPRESS,EXPRESS,EXPRESS,EXPRESS,EXPRESS,EXPRESS,EXPRESS,EXPRESS,EXPRESS,EXPRESS,EXPRESS,EXPRESS,EXPRESS,EXPRESS,EXPRESS,EXPRESS,EXPRESS,,NFF,K
TORINO - Aeroporto (Caselle),5:10,6:10,6:10,6:30,6:35,6:45,6:50,7:00,7:00,7:05,7:05,7:10,7:25,,7:45,8:00,8:00,8:15,8:30,9:00,9:00,9:30,10:00,10:00,10:30,11:00,11:00,11:30,12:00,12:00,12:30,13:00,13:00,13:30,14:00,14:00,14:30,15:00,15:00,15:30,16:00,16:00,16:30,17:00,17:00,17:30,18:00,18:00,18:30,19:00,19:00,19:40,20:00,20:30,21:00,21:30,22:00,22:30,23:15,23:30,23:45,8:45,9:15,9:45,10:15,10:45,11:15,11:45,12:15,12:45,13:15,13:45,14:15,14:45,15:15,15:45,16:15,16:45,17:15,17:45,18:15,18:45,19:20,20:00,21:00,22:00,23:00,7:30,8:30,9:30,10:30,11:30,12:30,13:30,14:30,15:30,16:30,17:30,18:30,19:30,20:30,21:30,22:30,0:00,0:00
CASELLE T.SE - str.Aerop. (fronte n° 36),5:13,6:13,6:13,6:33,6:38,6:48,6:53,7:03,7:03,7:08,7:08,7:13,7:28,7:38,7:48,8:03,8:03,8:18,8:33,9:03,9:03,9:33,10:03,10:03,10:33,11:03,11:03,11:33,12:03,12:03,12:33,13:03,13:03,13:33,14:03,14:03,14:33,15:03,15:03,15:33,16:03,16:03,16:33,17:03,17:03,17:33,18:03,18:03,18:33,19:03,19:03,19:43,20:03,20:33,21:03,21:33,22:03,22:33,23:18,23:33,23:48,-,-,-,-,-,-,-,-,-,-,-,-,-,-,-,-,-,-,-,-,-,-,-,-,-,-,-,-,-,-,-,-,-,-,-,-,-,-,-,-,-,-,0:03,0:03
CASELLE T.SE - via Torino (fronte n° 99),5:15,6:15,6:15,6:35,6:40,6:50,6:55,7:05,7:05,7:10,7:10,7:15,7:30,7:40,7:50,8:05,8:05,8:20,8:35,9:05,9:05,9:35,10:05,10:05,10:35,11:05,11:05,11:35,12:05,12:05,12:35,13:05,13:05,13:35,14:05,14:05,14:35,15:05,15:05,15:35,16:05,16:05,16:35,17:05,17:05,17:35,18:05,18:05,18:35,19:05,19:05,19:45,20:05,20:35,21:05,21:35,22:05,22:35,23:20,23:35,23:50,-,-,-,-,-,-,-,-,-,-,-,-,-,-,-,-,-,-,-,-,-,-,-,-,-,-,-,-,-,-,-,-,-,-,-,-,-,-,-,-,-,-,0:05,0:05
"BORGARO T.SE - via Lanzo, 157",5:22,6:22,6:22,6:42,6:47,6:57,7:02,7:12,7:12,7:17,7:17,7:22,7:37,7:47,7:57,8:12,8:12,8:27,8:42,9:12,9:12,9:42,10:12,10:12,10:42,11:12,11:12,11:42,12:12,12:12,12:42,13:12,13:12,13:42,14:12,14:12,14:42,15:12,15:12,15:42,16:12,16:12,16:42,17:12,17:12,17:42,18:12,18:12,18:42,19:12,19:12,19:52,20:12,20:42,21:12,21:42,22:12,22:42,23:27,23:42,23:57,-,-,-,-,-,-,-,-,-,-,-,-,-,-,-,-,-,-,-,-,-,-,-,-,-,-,-,-,-,-,-,-,-,-,-,-,-,-,-,-,-,-,0:12,0:12
"TO - Str Aeroporto (Ferm.""VERONESE"")",5:32,6:32,6:32,6:52,6:57,7:07,7:12,7:22,7:22,7:27,7:27,7:32,7:47,7:57,8:07,8:22,8:22,8:37,8:52,9:22,9:22,9:52,10:22,10:22,10:52,11:22,11:22,11:52,12:22,12:22,12:52,13:22,13:22,13:52,14:22,14:22,14:52,15:22,15:22,15:52,16:22,16:22,16:52,17:22,17:22,17:52,18:22,18:22,18:52,19:22,19:22,20:02,20:22,20:52,21:22,21:52,22:22,22:52,23:37,23:52,0:07,-,-,-,-,-,-,-,-,-,-,-,-,-,-,-,-,-,-,-,-,-,-,-,-,-,-,-,-,-,-,-,-,-,-,-,-,-,-,-,-,-,-,0:22,0:22
TO – via Stradella,5:35,6:35,6:35,6:55,7:00,7:10,7:15,7:25,7:25,7:30,7:30,7:35,7:50,8:00,8:10,8:25,8:25,8:40,8:55,9:25,9:25,9:55,10:25,10:25,10:55,11:25,11:25,11:55,12:25,12:25,12:55,13:25,13:25,13:55,14:25,14:25,14:55,15:25,15:25,15:55,16:25,16:25,16:55,17:25,17:25,17:55,18:25,18:25,18:55,19:25,19:25,20:05,20:25,20:55,21:25,21:55,22:25,22:55,23:40,23:55,0:10,-,-,-,-,-,-,-,-,-,-,-,-,-,-,-,-,-,-,-,-,-,-,-,-,-,-,-,-,-,-,-,-,-,-,-,-,-,-,-,-,-,-,0:25,0:25
TORINO - c.so Umbria/via Livorno,5:40,6:40,6:40,7:00,7:05,7:15,7:20,7:30,7:30,7:35,7:35,7:40,7:55,8:05,8:15,8:30,8:30,8:45,9:00,9:30,9:30,10:00,10:30,10:30,11:00,11:30,11:30,12:00,12:30,12:30,13:00,13:30,13:30,14:00,14:30,14:30,15:00,15:30,15:30,16:00,16:30,16:30,17:00,17:30,17:30,18:00,18:30,18:30,19:00,19:30,19:30,20:10,20:30,21:00,21:30,22:00,22:30,23:00,23:45,0:00,0:15,-,-,-,-,-,-,-,-,-,-,-,-,-,-,-,-,-,-,-,-,-,-,-,-,-,-,-,-,-,-,-,-,-,-,-,-,-,-,-,-,-,-,0:30,0:30
TO - Via Stampini,,,,,,,,,,,,,,,,,,,,,,,,,,,,,,,,,,,,,,,,,,,,,,,,,,,,,,,,,,,,,,,,,,,,,,,,,,,,,,,,,,,,,,,,,,,,,,,,,,,,,,,,,
TORINO - Porta Susa,5:45,6:45,6:45,7:05,7:10,7:20,7:25,7:35,7:35,7:40,7:40,7:45,8:00,8:10,8:20,8:35,8:35,8:50,9:05,9:35,9:35,10:05,10:35,10:35,11:05,11:35,11:35,12:05,12:35,12:35,13:05,13:35,13:35,14:05,14:35,14:35,15:05,15:35,15:35,16:05,16:35,16:35,17:05,17:35,17:35,18:05,18:35,18:35,19:05,19:35,19:35,20:15,20:35,21:05,21:35,22:05,22:35,23:05,23:50,0:05,0:20,9:14,9:44,10:14,10:44,11:14,11:44,12:14,12:44,13:14,13:44,14:14,14:44,15:14,15:44,16:14,16:44,17:14,17:44,18:14,18:44,19:14,19:49,20:29,21:29,22:29,23:29,7:59,8:59,9:59,10:59,11:59,12:59,13:59,14:59,15:59,16:59,17:59,18:59,19:59,20:59,21:59,22:59,0:35,0:35
TORINO - Porta Nuova,5:55,6:55,6:55,7:15,7:20,7:30,7:35,7:45,7:45,7:50,7:50,7:55,8:10,8:20,8:30,8:45,8:45,9:00,9:15,9:45,9:45,10:15,10:45,10:45,11:15,11:45,11:45,12:15,12:45,12:45,13:15,13:45,13:45,14:15,14:45,14:45,15:15,15:45,15:45,16:15,16:45,16:45,17:15,17:45,17:45,18:15,18:45,18:45,19:15,19:45,19:45,20:25,20:45,21:15,21:45,22:15,22:45,23:15,0:00,0:15,0:30,9:24,9:54,10:24,10:54,11:24,11:54,12:24,12:54,13:24,13:54,14:24,14:54,15:24,15:54,16:24,16:54,17:24,17:54,18:24,18:54,19:24,19:59,20:39,21:39,22:39,23:39,8:09,9:09,10:09,11:09,12:09,13:09,14:09,15:09,16:09,17:09,18:09,19:09,20:09,21:09,22:09,23:09,0:45,0:45
