Data,Giorno,Tipo,Nota
01/09/2026,mar.,Vacanza (Estiva),
02/09/2026,mer.,Vacanza (Estiva),
03/09/2026,gio.,Vacanza (Estiva),
04/09/2026,ven.,Vacanza (Estiva),
05/09/2026,sab.,Vacanza (Estiva),
06/09/2026,dom.,Vacanza (Estiva),
07/09/2026,lun.,Vacanza (Estiva),
08/09/2026,mar.,Vacanza (Estiva),
09/09/2026,merc,Vacanza (Estiva),
10/09/2026,gio.,Vacanza (Estiva),
11/09/2026,ven.,Vacanza (Estiva),
12/09/2026,sab.,Vacanza (Estiva),
13/09/2026,dom.,Vacanza (Estiva),
14/09/2026,lun.,Scolastico,INIZIO LEZIONI
15/09/2026,mar.,Scolastico,
16/09/2026,mer.,Scolastico,
17/09/2026,gio.,Scolastico,
18/09/2026,ven.,Scolastico,
19/09/2026,sab.,Scolastico,
20/09/2026,dom.,Festivo,
21/09/2026,lun.,Scolastico,
22/09/2026,mar.,Scolastico,
23/09/2026,merc,Scolastico,
24/09/2026,gio.,Scolastico,
25/09/2026,ven.,Scolastico,
26/09/2026,sab.,Scolastico,
27/09/2026,dom.,Festivo,
28/09/2026,lun.,Scolastico,
29/09/2026,mar.,Scolastico,
30/09/2026,mer.,Scolastico,
01/10/2026,gio.,Scolastico,
02/10/2026,ven.,Scolastico,
03/10/2026,sab.,Scolastico,
04/10/2026,dom.,Festivo,SAN FRANCESCO
05/10/2026,lun.,Scolastico,
06/10/2026,mar.,Scolastico,
07/10/2026,mer.,Scolastico,
08/10/2026,gio.,Scolastico,
09/10/2026,ven.,Scolastico,
10/10/2026,sab.,Scolastico,
11/10/2026,dom.,Festivo,
12/10/2026,lun.,Scolastico,
13/10/2026,mar.,Scolastico,
14/10/2026,mer.,Scolastico,
15/10/2026,gio.,Scolastico,
16/10/2026,ven.,Scolastico,
17/10/2026,sab.,Scolastico,
18/10/2026,dom.,Festivo,
19/10/2026,lun.,Scolastico,
20/10/2026,mar.,Scolastico,
21/10/2026,mer.,Scolastico,
22/10/2026,gio.,Scolastico,
23/10/2026,ven.,Scolastico,
24/10/2026,sab.,Scolastico,
25/10/2026,dom.,Festivo,
26/10/2026,lun.,Scolastico,
27/10/2026,mar.,Scolastico,
28/10/2026,mer.,Scolastico,
29/10/2026,gio.,Scolastico,
30/10/2026,ven.,Scolastico,
31/10/2026,sab.,Scolastico,
01/11/2026,dom.,Festivo,SANTI
02/11/2026,lun.,Scolastico,
03/11/2026,mar.,Scolastico,
04/11/2026,mer.,Scolastico,
05/11/2026,gio.,Scolastico,
06/11/2026,ven.,Scolastico,
07/11/2026,sab.,Scolastico,
08/11/2026,dom.,Festivo,
09/11/2026,lun.,Scolastico,
10/11/2026,mar.,Scolastico,
11/11/2026,mer.,Scolastico,
12/11/2026,gio.,Scolastico,
13/11/2026,ven.,Scolastico,
14/11/2026,sab.,Scolastico,
15/11/2026,dom.,Festivo,
16/11/2026,lun.,Scolastico,
17/11/2026,mar.,Scolastico,
18/11/2026,mer.,Scolastico,
19/11/2026,gio.,Scolastico,
20/11/2026,ven.,Scolastico,
21/11/2026,sab.,Scolastico,
22/11/2026,dom.,Festivo,
23/11/2026,lun.,Scolastico,
24/11/2026,mar.,Scolastico,
25/11/2026,mer.,Scolastico,
26/11/2026,gio.,Scolastico,
27/11/2026,ven.,Scolastico,
28/11/2026,sab.,Scolastico,
29/11/2026,dom.,Festivo,
30/11/2026,lun.,Scolastico,
01/12/2026,mar.,Scolastico,
02/12/2026,mer.,Scolastico,
03/12/2026,gio.,Scolastico,
04/12/2026,ven.,Scolastico,
05/12/2026,sab.,Scolastico,
06/12/2026,dom.,Festivo,
07/12/2026,lun.,Scolastico,sospensione lezioni
08/12/2026,mar.,Scolastico,IMMACOLATA
09/12/2026,mer.,Scolastico,
10/12/2026,gio.,Scolastico,
11/12/2026,ven.,Scolastico,
12/12/2026,sab.,Scolastico,
13/12/2026,dom.,Festivo,
14/12/2026,lun.,Scolastico,
15/12/2026,mar.,Scolastico,
16/12/2026,mer.,Scolastico,
17/12/2026,gio.,Scolastico,
18/12/2026,ven.,Scolastico,
19/12/2026,sab.,Scolastico,
20/12/2026,dom.,Festivo,
21/12/2026,lun.,Scolastico,
22/12/2026,mar.,Scolastico,
23/12/2026,mer.,Scolastico,vacanze natalizie
24/12/2026,gio.,Scolastico,vacanze natalizie
25/12/2026,ven.,Festivo,NATALE
26/12/2026,sab.,Scolastico,S.STEFANO
27/12/2026,dom.,Festivo,
28/12/2026,lun.,Scolastico,vacanze natalizie
29/12/2026,mar.,Scolastico,vacanze natalizie
30/12/2026,mar.,Scolastico,vacanze natalizie
31/12/2026,gio.,Scolastico,vacanze natalizie
01/01/2027,ven.,Scolastico,CAPODANNO
02/01/2027,sab.,Scolastico,vacanze natalizie
03/01/2027,dom.,Festivo,
04/01/2027,lun.,Scolastico,vacanze natalizie
05/01/2027,mar.,Scolastico,vacanze natalizie
06/01/2027,mer.,Scolastico,EPIFANIA
07/01/2027,gio.,Scolastico,
08/01/2027,ven.,Scolastico,
09/01/2027,sab.,Scolastico,
10/01/2027,dom.,Festivo,
11/01/2027,lun.,Scolastico,
12/01/2027,mar.,Scolastico,
13/01/2027,mer.,Scolastico,
14/01/2027,gio.,Scolastico,
15/01/2027,ven.,Scolastico,
16/01/2027,sab.,Scolastico,
17/01/2027,dom.,Festivo,
18/01/2027,lun.,Scolastico,
19/01/2027,mar.,Scolastico,
20/01/2027,mer.,Scolastico,
21/01/2027,gio.,Scolastico,
22/01/2027,ven.,Scolastico,
23/01/2027,sab.,Scolastico,
24/01/2027,dom.,Festivo,
25/01/2027,lun.,Scolastico,
26/01/2027,mar.,Scolastico,
27/01/2027,mer.,Scolastico,
28/01/2027,gio.,Scolastico,
29/01/2027,ven.,Scolastico,
30/01/2027,sab.,Scolastico,
31/01/2027,dom.,Festivo,
01/02/2027,lun.,Scolastico,
02/02/2027,mar.,Scolastico,
03/02/2027,mer.,Scolastico,
04/02/2027,gio.,Scolastico,
05/02/2027,ven.,Scolastico,
06/02/2027,sab.,Scolastico,vacanze carnevale
07/02/2027,dom.,Festivo,
08/02/2027,lun.,Scolastico,vacanze carnevale
09/02/2027,mar.,Scolastico,vacanze carnevale
10/02/2027,mer.,Scolastico,vacanze carnevale
11/02/2027,gio.,Scolastico,
12/02/2027,ven.,Scolastico,
13/02/2027,sab.,Scolastico,
14/02/2027,dom.,Festivo,
15/02/2027,lun.,Scolastico,
16/02/2027,mar.,Scolastico,
17/02/2027,mer.,Scolastico,
18/02/2027,gio.,Scolastico,
19/02/2027,ven.,Scolastico,
20/02/2027,sab.,Scolastico,
21/02/2027,dom.,Festivo,
22/02/2027,lun.,Scolastico,
23/02/2027,mar.,Scolastico,
24/02/2027,mer.,Scolastico,
25/02/2027,gio.,Scolastico,
26/02/2027,ven.,Scolastico,
27/02/2027,sab.,Scolastico,
28/02/2027,dom.,Festivo,
206/02/2027,nan,Scolastico,
205/02/2027,nan,Scolastico,
173/02/2027,nan,Scolastico,
172/02/2027,nan,Scolastico,
01/03/2027,lun.,Scolastico,
02/03/2027,mar.,Scolastico,
03/03/2027,mer.,Scolastico,
04/03/2027,gio.,Scolastico,
05/03/2027,ven.,Scolastico,
06/03/2027,sab.,Scolastico,
07/03/2027,dom.,Festivo,
08/03/2027,lun.,Scolastico,
09/03/2027,mar.,Scolastico,
10/03/2027,mer.,Scolastico,
11/03/2027,gio.,Scolastico,
12/03/2027,ven.,Scolastico,
13/03/2027,sab.,Scolastico,
14/03/2027,dom.,Festivo,
15/03/2027,lun.,Scolastico,
16/03/2027,mar.,Scolastico,
17/03/2027,mer.,Scolastico,
18/03/2027,gio.,Scolastico,
19/03/2027,ven.,Scolastico,
20/03/2027,sab.,Scolastico,
21/03/2027,dom.,Festivo,
22/03/2027,lun.,Scolastico,
23/03/2027,mar.,Scolastico,
24/03/2027,mer.,Scolastico,
25/03/2027,gio.,Festivo,vacanze pasquali
26/03/2027,ven.,Festivo,vacanze pasquali
27/03/2027,sab.,Festivo,vacanze pasquali
28/03/2027,dom.,Festivo,SANTA PASQUA
29/03/2027,lun.,Scolastico,LUNEDÌ DELL'ANGELO
30/03/2027,mar.,Festivo,vacanze pasquali
31/03/2027,mer.,Scolastico,
01/04/2027,gio.,Scolastico,
02/04/2027,ven.,Scolastico,
03/04/2027,sab.,Scolastico,
04/04/2027,dom.,Festivo,
05/04/2027,lun.,Scolastico,
06/04/2027,mar.,Scolastico,
07/04/2027,mer.,Scolastico,
08/04/2027,gio.,Scolastico,
09/04/2027,ven.,Scolastico,
10/04/2027,sab.,Scolastico,
11/04/2027,dom.,Festivo,
12/04/2027,lun.,Scolastico,
13/04/2027,mar.,Scolastico,
14/04/2027,mer.,Scolastico,
15/04/2027,gio.,Scolastico,
16/04/2027,ven.,Scolastico,
17/04/2027,sab.,Scolastico,
18/04/2027,dom.,Festivo,
19/04/2027,lun.,Scolastico,
20/04/2027,mar.,Scolastico,
21/04/2027,mer.,Scolastico,
22/04/2027,gio.,Scolastico,
23/04/2027,ven.,Scolastico,
24/04/2027,sab.,Scolastico,
25/04/2027,dom.,Festivo,FESTA DELLA LIBERAZIONE
26/04/2027,lun.,Scolastico,
27/04/2027,mar.,Scolastico,
28/04/2027,mer.,Scolastico,
29/04/2027,gio.,Scolastico,
30/04/2027,ven.,Scolastico,
01/05/2027,sab.,Festivo,FESTA DEL LAVORO
02/05/2027,dom.,Festivo,
03/05/2027,lun.,Scolastico,
04/05/2027,mar.,Scolastico,
05/05/2027,mer.,Scolastico,
06/05/2027,gio.,Scolastico,
07/05/2027,ven.,Scolastico,
08/05/2027,sab.,Scolastico,
09/05/2027,dom.,Festivo,
10/05/2027,lun.,Scolastico,
11/05/2027,mar.,Scolastico,
12/05/2027,mer.,Scolastico,
13/05/2027,gio.,Scolastico,
14/05/2027,ven.,Scolastico,
15/05/2027,sab.,Scolastico,
16/05/2027,dom.,Festivo,
17/05/2027,lun.,Scolastico,
18/05/2027,mar.,Scolastico,
19/05/2027,mer.,Scolastico,
20/05/2027,gio.,Scolastico,
21/05/2027,ven.,Scolastico,
22/05/2027,sab.,Scolastico,
23/05/2027,dom.,Festivo,
24/05/2027,lun.,Scolastico,
25/05/2027,mar.,Scolastico,
26/05/2027,mer.,Scolastico,
27/05/2027,gio.,Scolastico,
28/05/2027,ven.,Scolastico,
29/05/2027,sab.,Scolastico,
30/05/2027,dom.,Festivo,
31/05/2027,lun.,Scolastico,
01/06/2027,mar.,Scolastico,
02/06/2027,mer.,Festivo,FESTA DELLA REPUBBLICA
03/06/2027,gio.,Scolastico,
04/06/2027,ven.,Scolastico,
05/06/2027,sab.,Scolastico,
06/06/2027,dom.,Festivo,
07/06/2027,lun.,Scolastico,
08/06/2027,mar.,Scolastico,
09/06/2027,mer.,Scolastico,
10/06/2027,gio.,Scolastico,TERMINE LEZIONI
11/06/2027,ven.,Vacanza (Estiva),
12/06/2027,sab.,Vacanza (Estiva),
13/06/2027,dom.,Vacanza (Estiva),
14/06/2027,lun.,Vacanza (Estiva),
15/06/2027,mar.,Vacanza (Estiva),
16/06/2027,mer.,Vacanza (Estiva),
17/06/2027,gio.,Vacanza (Estiva),
18/06/2027,ven.,Vacanza (Estiva),
19/06/2027,sab.,Vacanza (Estiva),
20/06/2027,dom.,Vacanza (Estiva),
21/06/2027,lun.,Vacanza (Estiva),
22/06/2027,mar.,Vacanza (Estiva),
23/06/2027,mer.,Vacanza (Estiva),
24/06/2027,gio.,Vacanza (Estiva),
25/06/2027,ven.,Vacanza (Estiva),
26/06/2027,sab.,Vacanza (Estiva),
27/06/2027,dom.,Vacanza (Estiva),
28/06/2027,lun.,Vacanza (Estiva),
29/06/2027,mar.,Vacanza (Estiva),
30/06/2027,mer.,Vacanza (Estiva),TERMINE SCUOLA INFANZIA
